-- phpMyAdmin SQL Dump
-- version 5.1.0
-- https://www.phpmyadmin.net/
--
-- Host: 127.0.0.1
-- Generation Time: Jan 06, 2022 at 03:25 AM
-- Server version: 10.4.18-MariaDB
-- PHP Version: 7.3.27

SET SQL_MODE = "NO_AUTO_VALUE_ON_ZERO";
START TRANSACTION;
SET time_zone = "+00:00";


/*!40101 SET @OLD_CHARACTER_SET_CLIENT=@@CHARACTER_SET_CLIENT */;
/*!40101 SET @OLD_CHARACTER_SET_RESULTS=@@CHARACTER_SET_RESULTS */;
/*!40101 SET @OLD_COLLATION_CONNECTION=@@COLLATION_CONNECTION */;
/*!40101 SET NAMES utf8mb4 */;

--
-- Database: `bbsports`
--

-- --------------------------------------------------------

--
-- Table structure for table `attenda`
--

CREATE TABLE `attenda` (
  `id` int(10) UNSIGNED NOT NULL,
  `emp_id` varchar(100) COLLATE utf8mb4_unicode_ci DEFAULT NULL,
  `day_date` varchar(255) COLLATE utf8mb4_unicode_ci DEFAULT NULL,
  `time_in` varchar(255) COLLATE utf8mb4_unicode_ci DEFAULT NULL,
  `timein_status` varchar(100) COLLATE utf8mb4_unicode_ci DEFAULT NULL,
  `time_out` varchar(255) COLLATE utf8mb4_unicode_ci DEFAULT NULL,
  `timeout_status` varchar(100) COLLATE utf8mb4_unicode_ci DEFAULT NULL,
  `working_hour` varchar(100) COLLATE utf8mb4_unicode_ci DEFAULT NULL,
  `extra` varchar(100) COLLATE utf8mb4_unicode_ci DEFAULT NULL,
  `is_active` tinyint(4) NOT NULL DEFAULT 1,
  `is_deleted` tinyint(4) NOT NULL DEFAULT 0,
  `created_at` timestamp NOT NULL DEFAULT current_timestamp(),
  `updated_at` timestamp NOT NULL DEFAULT current_timestamp() ON UPDATE current_timestamp(),
  `deleted_at` timestamp NULL DEFAULT NULL
) ENGINE=InnoDB DEFAULT CHARSET=utf8mb4 COLLATE=utf8mb4_unicode_ci;

--
-- Dumping data for table `attenda`
--

INSERT INTO `attenda` (`id`, `emp_id`, `day_date`, `time_in`, `timein_status`, `time_out`, `timeout_status`, `working_hour`, `extra`, `is_active`, `is_deleted`, `created_at`, `updated_at`, `deleted_at`) VALUES
(1, '1009', '2021-04-26', '21:25', 'On-Time', '14:30', 'On-Time', '17:05', '14:30', 1, 0, '2021-06-01 16:59:42', '2021-06-01 16:59:46', NULL),
(2, '1009', '2021-04-28', '00:00', 'Time-In-Missing', '07:31', 'On-Time', '-', NULL, 1, 0, '2021-06-01 16:59:42', '2021-06-01 16:59:42', NULL),
(3, '1009', '2021-04-29', '00:00', 'Time-In-Missing', '06:39', 'On-Time', '-', NULL, 1, 0, '2021-06-01 16:59:42', '2021-06-01 16:59:42', NULL),
(4, '1009', '2021-04-30', '00:00', 'Time-In-Missing', '06:37', 'On-Time', '-', NULL, 1, 0, '2021-06-01 16:59:42', '2021-06-01 16:59:42', NULL),
(5, '1009', '2021-05-01', '00:00', 'Time-In-Missing', '06:33', 'On-Time', '-', NULL, 1, 0, '2021-06-01 16:59:42', '2021-06-01 16:59:42', NULL),
(6, '1009', '2021-05-03', '21:13', 'On-Time', '14:25', 'On-Time', '17:12', '14:25', 1, 0, '2021-06-01 16:59:42', '2021-06-01 16:59:46', NULL),
(7, '1009', '2021-05-04', '21:07', 'On-Time', '15:15', 'On-Time', '18:08', '15:15', 1, 0, '2021-06-01 16:59:42', '2021-06-01 16:59:46', NULL),
(8, '1009', '2021-05-05', '21:21', 'On-Time', '21:15', 'On-Time', '23:54', '21:15', 1, 0, '2021-06-01 16:59:42', '2021-06-01 16:59:46', NULL),
(9, '1009', '2021-05-06', '22:44', 'Late-In', '22:11', 'On-Time', '23:27', '22:11', 1, 0, '2021-06-01 16:59:42', '2021-06-01 16:59:46', NULL),
(10, '1009', '2021-05-08', '00:00', 'Time-In-Missing', '07:30', 'On-Time', '-', NULL, 1, 0, '2021-06-01 16:59:42', '2021-06-01 16:59:42', NULL),
(11, '1009', '2021-05-10', '21:24', 'On-Time', '21:51', 'On-Time', '00:27', '21:51', 1, 0, '2021-06-01 16:59:42', '2021-06-01 16:59:46', NULL),
(12, '1009', '2021-05-12', '00:00', 'Time-In-Missing', '07:19', 'On-Time', '-', NULL, 1, 0, '2021-06-01 16:59:42', '2021-06-01 16:59:42', NULL),
(13, '1009', '2021-05-13', '00:00', 'Time-In-Missing', '04:59', 'Half-Day', '-', NULL, 1, 0, '2021-06-01 16:59:42', '2021-06-01 16:59:42', NULL),
(14, '1009', '2021-05-17', '21:24', 'On-Time', '23:03', 'On-Time', '01:39', '23:03', 1, 0, '2021-06-01 16:59:42', '2021-06-01 16:59:46', NULL),
(15, '1009', '2021-05-18', '21:01', 'On-Time', '21:12', 'On-Time', '00:11', '21:12', 1, 0, '2021-06-01 16:59:42', '2021-06-01 16:59:46', NULL),
(16, '1009', '2021-05-19', '21:21', 'On-Time', '21:19', 'On-Time', '23:58', '21:19', 1, 0, '2021-06-01 16:59:42', '2021-06-01 16:59:46', NULL),
(17, '1009', '2021-05-20', '21:25', 'On-Time', '21:01', 'On-Time', '23:36', '21:01', 1, 0, '2021-06-01 16:59:42', '2021-06-01 16:59:46', NULL),
(18, '1009', '2021-05-21', '21:04', 'On-Time', '06:22', 'On-Time', '09:18', '06:22', 1, 0, '2021-06-01 16:59:42', '2021-06-01 16:59:46', NULL),
(19, '1009', '2021-05-24', '00:00', 'Time-In-Missing', '23:05', 'On-Time', '-', NULL, 1, 0, '2021-06-01 16:59:42', '2021-06-01 16:59:42', NULL),
(20, '1009', '2021-05-25', '00:00', 'Time-In-Missing', '08:17', 'On-Time', '-', NULL, 1, 0, '2021-06-01 16:59:42', '2021-06-01 16:59:42', NULL),
(21, '1009', '2021-05-25', '00:00', 'Time-In-Missing', '19:04', 'On-Time', '-', NULL, 1, 0, '2021-06-01 16:59:42', '2021-06-01 16:59:42', NULL),
(22, '1009', '2021-05-26', '00:00', 'Time-In-Missing', '05:13', 'Half-Day', '-', NULL, 1, 0, '2021-06-01 16:59:42', '2021-06-01 16:59:42', NULL),
(23, '1009', '2021-05-26', '00:00', 'Time-In-Missing', '18:32', 'On-Time', '-', NULL, 1, 0, '2021-06-01 16:59:42', '2021-06-01 16:59:42', NULL),
(24, '1010', '2021-04-26', '21:19', 'On-Time', NULL, NULL, NULL, NULL, 1, 0, '2021-06-01 16:59:42', '2021-06-01 16:59:42', NULL),
(25, '1010', '2021-04-27', '21:19', 'On-Time', '14:39', 'On-Time', '17:20', '14:39', 1, 0, '2021-06-01 16:59:42', '2021-06-01 16:59:46', NULL),
(26, '1010', '2021-04-29', '00:00', 'Time-In-Missing', '06:39', 'On-Time', '-', NULL, 1, 0, '2021-06-01 16:59:42', '2021-06-01 16:59:42', NULL),
(27, '1010', '2021-04-29', '00:00', 'Time-In-Missing', '06:39', 'On-Time', '-', NULL, 1, 0, '2021-06-01 16:59:42', '2021-06-01 16:59:42', NULL),
(28, '1010', '2021-04-29', '00:00', 'Time-In-Missing', '06:39', 'On-Time', '-', NULL, 1, 0, '2021-06-01 16:59:42', '2021-06-01 16:59:42', NULL),
(29, '1010', '2021-04-29', '00:00', 'Time-In-Missing', '06:39', 'On-Time', '-', NULL, 1, 0, '2021-06-01 16:59:42', '2021-06-01 16:59:42', NULL),
(30, '1010', '2021-04-30', '00:00', 'Time-In-Missing', '06:37', 'On-Time', '-', NULL, 1, 0, '2021-06-01 16:59:42', '2021-06-01 16:59:42', NULL),
(31, '1010', '2021-05-01', '00:00', 'Time-In-Missing', '07:37', 'On-Time', '-', NULL, 1, 0, '2021-06-01 16:59:42', '2021-06-01 16:59:42', NULL),
(32, '1010', '2021-05-01', '00:00', 'Time-In-Missing', '07:37', 'On-Time', '-', NULL, 1, 0, '2021-06-01 16:59:42', '2021-06-01 16:59:42', NULL),
(33, '1010', '2021-05-06', '21:26', 'On-Time', NULL, NULL, NULL, NULL, 1, 0, '2021-06-01 16:59:42', '2021-06-01 16:59:42', NULL),
(34, '1010', '2021-05-07', '21:04', 'On-Time', '06:21', 'On-Time', '09:17', '06:21', 1, 0, '2021-06-01 16:59:42', '2021-06-01 16:59:46', NULL),
(35, '1010', '2021-05-10', '21:21', 'On-Time', NULL, NULL, NULL, NULL, 1, 0, '2021-06-01 16:59:42', '2021-06-01 16:59:42', NULL),
(36, '1010', '2021-05-11', '21:28', 'On-Time', '21:35', 'On-Time', '00:07', '21:35', 1, 0, '2021-06-01 16:59:42', '2021-06-01 16:59:46', NULL),
(37, '1010', '2021-05-13', '00:00', 'Time-In-Missing', '04:56', 'Half-Day', '-', NULL, 1, 0, '2021-06-01 16:59:42', '2021-06-01 16:59:42', NULL),
(38, '1010', '2021-05-13', '00:00', 'Time-In-Missing', '04:56', 'Half-Day', '-', NULL, 1, 0, '2021-06-01 16:59:42', '2021-06-01 16:59:42', NULL),
(39, '1010', '2021-05-13', '00:00', 'Time-In-Missing', '04:56', 'Half-Day', '-', NULL, 1, 0, '2021-06-01 16:59:42', '2021-06-01 16:59:42', NULL),
(40, '1010', '2021-05-14', '00:00', 'Time-In-Missing', '06:12', 'On-Time', '-', NULL, 1, 0, '2021-06-01 16:59:42', '2021-06-01 16:59:42', NULL),
(41, '1010', '2021-05-14', '00:00', 'Time-In-Missing', '06:12', 'On-Time', '-', NULL, 1, 0, '2021-06-01 16:59:42', '2021-06-01 16:59:42', NULL),
(42, '1010', '2021-05-14', '00:00', 'Time-In-Missing', '06:12', 'On-Time', '-', NULL, 1, 0, '2021-06-01 16:59:42', '2021-06-01 16:59:42', NULL),
(43, '1010', '2021-05-14', '00:00', 'Time-In-Missing', '06:12', 'On-Time', '-', NULL, 1, 0, '2021-06-01 16:59:42', '2021-06-01 16:59:42', NULL),
(44, '1010', '2021-05-17', '21:22', 'On-Time', NULL, NULL, NULL, NULL, 1, 0, '2021-06-01 16:59:42', '2021-06-01 16:59:42', NULL),
(45, '1010', '2021-05-25', '00:00', 'Time-In-Missing', '06:46', 'On-Time', '-', NULL, 1, 0, '2021-06-01 16:59:43', '2021-06-01 16:59:43', NULL),
(46, '1010', '2021-05-25', '00:00', 'Time-In-Missing', '06:46', 'On-Time', '-', NULL, 1, 0, '2021-06-01 16:59:43', '2021-06-01 16:59:43', NULL),
(47, '1010', '2021-05-25', '00:00', 'Time-In-Missing', '18:15', 'On-Time', '-', NULL, 1, 0, '2021-06-01 16:59:43', '2021-06-01 16:59:43', NULL),
(48, '1010', '2021-05-25', '00:00', 'Time-In-Missing', '18:15', 'On-Time', '-', NULL, 1, 0, '2021-06-01 16:59:43', '2021-06-01 16:59:43', NULL),
(49, '1010', '2021-05-25', '00:00', 'Time-In-Missing', '18:15', 'On-Time', '-', NULL, 1, 0, '2021-06-01 16:59:43', '2021-06-01 16:59:43', NULL),
(50, '1010', '2021-05-26', '00:00', 'Time-In-Missing', '03:40', 'Half-Day', '-', NULL, 1, 0, '2021-06-01 16:59:43', '2021-06-01 16:59:43', NULL),
(51, '1011', '2021-04-27', '21:08', 'On-Time', NULL, NULL, NULL, NULL, 1, 0, '2021-06-01 16:59:43', '2021-06-01 16:59:43', NULL),
(52, '1011', '2021-04-29', '00:00', 'Time-In-Missing', '10:18', 'On-Time', '-', NULL, 1, 0, '2021-06-01 16:59:43', '2021-06-01 16:59:43', NULL),
(53, '1011', '2021-05-01', '00:00', 'Time-In-Missing', '06:58', 'On-Time', '-', NULL, 1, 0, '2021-06-01 16:59:43', '2021-06-01 16:59:43', NULL),
(54, '1011', '2021-05-03', '00:00', 'Time-In-Missing', '20:26', 'On-Time', '-', NULL, 1, 0, '2021-06-01 16:59:43', '2021-06-01 16:59:43', NULL),
(55, '1011', '2021-05-10', '21:12', 'On-Time', NULL, NULL, NULL, NULL, 1, 0, '2021-06-01 16:59:43', '2021-06-01 16:59:43', NULL),
(56, '1011', '2021-05-14', '00:00', 'Time-In-Missing', '06:40', 'On-Time', '-', NULL, 1, 0, '2021-06-01 16:59:43', '2021-06-01 16:59:43', NULL),
(57, '1011', '2021-05-15', '00:00', 'Time-In-Missing', '06:16', 'On-Time', '-', NULL, 1, 0, '2021-06-01 16:59:43', '2021-06-01 16:59:43', NULL),
(58, '1011', '2021-05-25', '00:00', 'Time-In-Missing', '06:46', 'On-Time', '-', NULL, 1, 0, '2021-06-01 16:59:43', '2021-06-01 16:59:43', NULL),
(59, '1011', '2021-05-25', '00:00', 'Time-In-Missing', '18:18', 'On-Time', '-', NULL, 1, 0, '2021-06-01 16:59:43', '2021-06-01 16:59:43', NULL),
(60, '1011', '2021-05-26', '00:00', 'Time-In-Missing', '06:01', 'On-Time', '-', NULL, 1, 0, '2021-06-01 16:59:43', '2021-06-01 16:59:43', NULL),
(61, '1011', '2021-05-26', '00:00', 'Time-In-Missing', '18:26', 'On-Time', '-', NULL, 1, 0, '2021-06-01 16:59:43', '2021-06-01 16:59:43', NULL),
(62, '1012', '2021-04-26', '21:18', 'On-Time', NULL, NULL, NULL, NULL, 1, 0, '2021-06-01 16:59:43', '2021-06-01 16:59:43', NULL),
(63, '1012', '2021-04-29', '00:00', 'Time-In-Missing', '06:39', 'On-Time', '-', NULL, 1, 0, '2021-06-01 16:59:43', '2021-06-01 16:59:43', NULL),
(64, '1012', '2021-04-30', '00:00', 'Time-In-Missing', '06:37', 'On-Time', '-', NULL, 1, 0, '2021-06-01 16:59:43', '2021-06-01 16:59:43', NULL),
(65, '1012', '2021-05-01', '00:00', 'Time-In-Missing', '07:37', 'On-Time', '-', NULL, 1, 0, '2021-06-01 16:59:43', '2021-06-01 16:59:43', NULL),
(66, '1012', '2021-05-01', '00:00', 'Time-In-Missing', '07:37', 'On-Time', '-', NULL, 1, 0, '2021-06-01 16:59:43', '2021-06-01 16:59:43', NULL),
(67, '1012', '2021-05-07', '21:03', 'On-Time', NULL, NULL, NULL, NULL, 1, 0, '2021-06-01 16:59:43', '2021-06-01 16:59:43', NULL),
(68, '1012', '2021-05-11', '21:27', 'On-Time', NULL, NULL, NULL, NULL, 1, 0, '2021-06-01 16:59:43', '2021-06-01 16:59:43', NULL),
(69, '1012', '2021-05-13', '00:00', 'Time-In-Missing', '04:56', 'Half-Day', '-', NULL, 1, 0, '2021-06-01 16:59:43', '2021-06-01 16:59:43', NULL),
(70, '1012', '2021-05-13', '00:00', 'Time-In-Missing', '04:56', 'Half-Day', '-', NULL, 1, 0, '2021-06-01 16:59:43', '2021-06-01 16:59:43', NULL),
(71, '1012', '2021-05-15', '00:00', 'Time-In-Missing', '06:12', 'On-Time', '-', NULL, 1, 0, '2021-06-01 16:59:43', '2021-06-01 16:59:43', NULL),
(72, '1012', '2021-05-25', '00:00', 'Time-In-Missing', '06:46', 'On-Time', '-', NULL, 1, 0, '2021-06-01 16:59:43', '2021-06-01 16:59:43', NULL),
(73, '1012', '2021-05-25', '00:00', 'Time-In-Missing', '18:15', 'On-Time', '-', NULL, 1, 0, '2021-06-01 16:59:43', '2021-06-01 16:59:43', NULL),
(74, '1012', '2021-05-25', '00:00', 'Time-In-Missing', '18:16', 'On-Time', '-', NULL, 1, 0, '2021-06-01 16:59:43', '2021-06-01 16:59:43', NULL),
(75, '1012', '2021-05-26', '00:00', 'Time-In-Missing', '03:40', 'Half-Day', '-', NULL, 1, 0, '2021-06-01 16:59:43', '2021-06-01 16:59:43', NULL),
(76, '1012', '2021-05-26', '00:00', 'Time-In-Missing', '19:46', 'On-Time', '-', NULL, 1, 0, '2021-06-01 16:59:43', '2021-06-01 16:59:43', NULL),
(77, '1013', '2021-04-26', '14:33', 'Half-Day', NULL, NULL, NULL, NULL, 1, 0, '2021-06-01 16:59:43', '2021-06-01 16:59:43', NULL),
(78, '1013', '2021-04-27', '14:30', 'Half-Day', NULL, NULL, NULL, NULL, 1, 0, '2021-06-01 16:59:43', '2021-06-01 16:59:43', NULL),
(79, '1013', '2021-05-04', '14:24', 'Half-Day', NULL, NULL, NULL, NULL, 1, 0, '2021-06-01 16:59:43', '2021-06-01 16:59:43', NULL),
(80, '1013', '2021-05-06', '14:32', 'Half-Day', NULL, NULL, NULL, NULL, 1, 0, '2021-06-01 16:59:43', '2021-06-01 16:59:43', NULL),
(81, '1013', '2021-05-07', '14:14', 'Half-Day', NULL, NULL, NULL, NULL, 1, 0, '2021-06-01 16:59:43', '2021-06-01 16:59:43', NULL),
(82, '1013', '2021-05-17', '12:21', 'On-Time', NULL, NULL, NULL, NULL, 1, 0, '2021-06-01 16:59:43', '2021-06-01 16:59:43', NULL),
(83, '1013', '2021-05-17', '00:00', 'Time-In-Missing', '21:57', 'On-Time', '-', NULL, 1, 0, '2021-06-01 16:59:43', '2021-06-01 16:59:43', NULL),
(84, '1013', '2021-05-18', '12:15', 'On-Time', NULL, NULL, NULL, NULL, 1, 0, '2021-06-01 16:59:43', '2021-06-01 16:59:43', NULL),
(85, '1013', '2021-05-19', '12:08', 'On-Time', NULL, NULL, NULL, NULL, 1, 0, '2021-06-01 16:59:43', '2021-06-01 16:59:43', NULL),
(86, '1013', '2021-05-20', '12:14', 'On-Time', NULL, NULL, NULL, NULL, 1, 0, '2021-06-01 16:59:43', '2021-06-01 16:59:43', NULL),
(87, '1015', '2021-04-29', '00:00', 'Time-In-Missing', '10:18', 'On-Time', '-', NULL, 1, 0, '2021-06-01 16:59:43', '2021-06-01 16:59:43', NULL),
(88, '1015', '2021-05-01', '00:00', 'Time-In-Missing', '06:58', 'Half-Day', '-', NULL, 1, 0, '2021-06-01 16:59:43', '2021-06-01 16:59:43', NULL),
(89, '1015', '2021-05-10', '00:00', 'Time-In-Missing', '07:04', 'Half-Day', '-', NULL, 1, 0, '2021-06-01 16:59:43', '2021-06-01 16:59:43', NULL),
(90, '1015', '2021-05-10', '00:00', 'Time-In-Missing', '17:01', 'On-Time', '-', NULL, 1, 0, '2021-06-01 16:59:43', '2021-06-01 16:59:43', NULL),
(91, '1015', '2021-05-14', '00:00', 'Time-In-Missing', '20:47', 'On-Time', '-', NULL, 1, 0, '2021-06-01 16:59:43', '2021-06-01 16:59:43', NULL),
(92, '1015', '2021-05-15', '00:00', 'Time-In-Missing', '06:17', 'Half-Day', '-', NULL, 1, 0, '2021-06-01 16:59:43', '2021-06-01 16:59:43', NULL),
(93, '1015', '2021-05-17', '00:00', 'Time-In-Missing', '19:57', 'On-Time', '-', NULL, 1, 0, '2021-06-01 16:59:43', '2021-06-01 16:59:43', NULL),
(94, '1015', '2021-05-24', '00:00', 'Time-In-Missing', '20:58', 'On-Time', '-', NULL, 1, 0, '2021-06-01 16:59:43', '2021-06-01 16:59:43', NULL),
(95, '1015', '2021-05-25', '00:00', 'Time-In-Missing', '19:30', 'On-Time', '-', NULL, 1, 0, '2021-06-01 16:59:43', '2021-06-01 16:59:43', NULL),
(96, '1015', '2021-05-26', '00:00', 'Time-In-Missing', '06:01', 'Half-Day', '-', NULL, 1, 0, '2021-06-01 16:59:43', '2021-06-01 16:59:43', NULL),
(97, '1015', '2021-05-26', '00:00', 'Time-In-Missing', '18:51', 'On-Time', '-', NULL, 1, 0, '2021-06-01 16:59:43', '2021-06-01 16:59:43', NULL),
(98, '1016', '2021-04-29', '00:00', 'Time-In-Missing', '10:18', 'On-Time', '-', NULL, 1, 0, '2021-06-01 16:59:43', '2021-06-01 16:59:43', NULL),
(99, '1016', '2021-05-01', '00:00', 'Time-In-Missing', '06:58', 'On-Time', '-', NULL, 1, 0, '2021-06-01 16:59:43', '2021-06-01 16:59:43', NULL),
(100, '1016', '2021-05-14', '00:00', 'Time-In-Missing', '06:40', 'On-Time', '-', NULL, 1, 0, '2021-06-01 16:59:44', '2021-06-01 16:59:44', NULL),
(101, '1016', '2021-05-15', '00:00', 'Time-In-Missing', '06:16', 'On-Time', '-', NULL, 1, 0, '2021-06-01 16:59:44', '2021-06-01 16:59:44', NULL),
(102, '1016', '2021-05-24', '00:00', 'Time-In-Missing', '20:58', 'On-Time', '-', NULL, 1, 0, '2021-06-01 16:59:44', '2021-06-01 16:59:44', NULL),
(103, '1016', '2021-05-25', '00:00', 'Time-In-Missing', '19:29', 'On-Time', '-', NULL, 1, 0, '2021-06-01 16:59:44', '2021-06-01 16:59:44', NULL),
(104, '1016', '2021-05-26', '00:00', 'Time-In-Missing', '06:01', 'On-Time', '-', NULL, 1, 0, '2021-06-01 16:59:44', '2021-06-01 16:59:44', NULL),
(105, '1016', '2021-05-26', '00:00', 'Time-In-Missing', '18:51', 'On-Time', '-', NULL, 1, 0, '2021-06-01 16:59:44', '2021-06-01 16:59:44', NULL),
(106, '1017', '2021-04-29', '00:00', 'Time-In-Missing', '06:34', 'On-Time', '-', NULL, 1, 0, '2021-06-01 16:59:44', '2021-06-01 16:59:44', NULL),
(107, '1017', '2021-04-30', '00:00', 'Time-In-Missing', '06:23', 'On-Time', '-', NULL, 1, 0, '2021-06-01 16:59:44', '2021-06-01 16:59:44', NULL),
(108, '1017', '2021-05-01', '00:00', 'Time-In-Missing', '06:43', 'On-Time', '-', NULL, 1, 0, '2021-06-01 16:59:44', '2021-06-01 16:59:44', NULL),
(109, '1017', '2021-05-05', '21:04', 'On-Time', NULL, NULL, NULL, NULL, 1, 0, '2021-06-01 16:59:44', '2021-06-01 16:59:44', NULL),
(110, '1017', '2021-05-11', '21:18', 'On-Time', NULL, NULL, NULL, NULL, 1, 0, '2021-06-01 16:59:44', '2021-06-01 16:59:44', NULL),
(111, '1017', '2021-05-13', '00:00', 'Time-In-Missing', '04:55', 'Half-Day', '-', NULL, 1, 0, '2021-06-01 16:59:44', '2021-06-01 16:59:44', NULL),
(112, '1017', '2021-05-15', '00:00', 'Time-In-Missing', '05:22', 'Half-Day', '-', NULL, 1, 0, '2021-06-01 16:59:44', '2021-06-01 16:59:44', NULL),
(113, '1017', '2021-05-25', '00:00', 'Time-In-Missing', '18:06', 'On-Time', '-', NULL, 1, 0, '2021-06-01 16:59:44', '2021-06-01 16:59:44', NULL),
(114, '1017', '2021-05-26', '00:00', 'Time-In-Missing', '03:29', 'Half-Day', '-', NULL, 1, 0, '2021-06-01 16:59:44', '2021-06-01 16:59:44', NULL),
(115, '1017', '2021-05-26', '00:00', 'Time-In-Missing', '18:35', 'On-Time', '-', NULL, 1, 0, '2021-06-01 16:59:44', '2021-06-01 16:59:44', NULL),
(116, '1018', '2021-05-01', '00:00', 'Time-In-Missing', '06:31', 'On-Time', '-', NULL, 1, 0, '2021-06-01 16:59:44', '2021-06-01 16:59:44', NULL),
(117, '1018', '2021-05-13', '00:00', 'Time-In-Missing', '04:56', 'Half-Day', '-', NULL, 1, 0, '2021-06-01 16:59:44', '2021-06-01 16:59:44', NULL),
(118, '1018', '2021-05-13', '00:00', 'Time-In-Missing', '20:53', 'On-Time', '-', NULL, 1, 0, '2021-06-01 16:59:44', '2021-06-01 16:59:44', NULL),
(119, '1018', '2021-05-14', '00:00', 'Time-In-Missing', '06:00', 'On-Time', '-', NULL, 1, 0, '2021-06-01 16:59:44', '2021-06-01 16:59:44', NULL),
(120, '1018', '2021-05-25', '00:00', 'Time-In-Missing', '07:00', 'On-Time', '-', NULL, 1, 0, '2021-06-01 16:59:44', '2021-06-01 16:59:44', NULL),
(121, '1018', '2021-05-25', '00:00', 'Time-In-Missing', '18:06', 'On-Time', '-', NULL, 1, 0, '2021-06-01 16:59:44', '2021-06-01 16:59:44', NULL),
(122, '1018', '2021-05-26', '00:00', 'Time-In-Missing', '04:11', 'Half-Day', '-', NULL, 1, 0, '2021-06-01 16:59:44', '2021-06-01 16:59:44', NULL),
(123, '1018', '2021-05-26', '00:00', 'Time-In-Missing', '20:15', 'On-Time', '-', NULL, 1, 0, '2021-06-01 16:59:44', '2021-06-01 16:59:44', NULL),
(124, '1019', '2021-05-17', '00:00', 'Time-In-Missing', '21:57', 'On-Time', '-', NULL, 1, 0, '2021-06-01 16:59:44', '2021-06-01 16:59:44', NULL),
(125, '1020', '2021-04-27', '02:51', 'Half-Day', NULL, NULL, NULL, NULL, 1, 0, '2021-06-01 16:59:44', '2021-06-01 16:59:44', NULL),
(126, '1020', '2021-04-29', '00:00', 'Time-In-Missing', '03:33', 'On-Time', '-', NULL, 1, 0, '2021-06-01 16:59:44', '2021-06-01 16:59:44', NULL),
(127, '1020', '2021-04-29', '00:00', 'Time-In-Missing', '19:32', 'On-Time', '-', NULL, 1, 0, '2021-06-01 16:59:44', '2021-06-01 16:59:44', NULL),
(128, '1020', '2021-04-30', '00:00', 'Time-In-Missing', '03:33', 'On-Time', '-', NULL, 1, 0, '2021-06-01 16:59:44', '2021-06-01 16:59:44', NULL),
(129, '1020', '2021-04-30', '00:00', 'Time-In-Missing', '19:27', 'On-Time', '-', NULL, 1, 0, '2021-06-01 16:59:44', '2021-06-01 16:59:44', NULL),
(130, '1020', '2021-05-01', '00:00', 'Time-In-Missing', '03:30', 'On-Time', '-', NULL, 1, 0, '2021-06-01 16:59:44', '2021-06-01 16:59:44', NULL),
(131, '1020', '2021-05-03', '00:00', 'Time-In-Missing', '19:30', 'On-Time', '-', NULL, 1, 0, '2021-06-01 16:59:44', '2021-06-01 16:59:44', NULL),
(132, '1020', '2021-05-10', '00:00', 'Time-In-Missing', '19:38', 'On-Time', '-', NULL, 1, 0, '2021-06-01 16:59:44', '2021-06-01 16:59:44', NULL),
(133, '1020', '2021-05-14', '00:00', 'Time-In-Missing', '11:55', 'On-Time', '-', NULL, 1, 0, '2021-06-01 16:59:44', '2021-06-01 16:59:44', NULL),
(134, '1020', '2021-05-17', '00:00', 'Time-In-Missing', '12:01', 'On-Time', '-', NULL, 1, 0, '2021-06-01 16:59:44', '2021-06-01 16:59:44', NULL),
(135, '1020', '2021-05-17', '00:00', 'Time-In-Missing', '21:09', 'On-Time', '-', NULL, 1, 0, '2021-06-01 16:59:44', '2021-06-01 16:59:44', NULL),
(136, '1020', '2021-05-20', '00:23', 'On-Time', NULL, NULL, NULL, NULL, 1, 0, '2021-06-01 16:59:44', '2021-06-01 16:59:44', NULL),
(137, '1020', '2021-05-21', '00:26', 'On-Time', NULL, NULL, NULL, NULL, 1, 0, '2021-06-01 16:59:44', '2021-06-01 16:59:44', NULL),
(138, '1020', '2021-05-24', '00:00', 'Time-In-Missing', '18:27', 'On-Time', '-', NULL, 1, 0, '2021-06-01 16:59:44', '2021-06-01 16:59:44', NULL),
(139, '1020', '2021-05-25', '00:00', 'Time-In-Missing', '04:50', 'On-Time', '-', NULL, 1, 0, '2021-06-01 16:59:44', '2021-06-01 16:59:44', NULL),
(140, '1020', '2021-05-25', '00:00', 'Time-In-Missing', '18:18', 'On-Time', '-', NULL, 1, 0, '2021-06-01 16:59:44', '2021-06-01 16:59:44', NULL),
(141, '1020', '2021-05-26', '00:00', 'Time-In-Missing', '05:20', 'On-Time', '-', NULL, 1, 0, '2021-06-01 16:59:44', '2021-06-01 16:59:44', NULL),
(142, '1020', '2021-05-26', '00:00', 'Time-In-Missing', '18:21', 'On-Time', '-', NULL, 1, 0, '2021-06-01 16:59:44', '2021-06-01 16:59:44', NULL),
(143, '1021', '2021-04-29', '00:00', 'Time-In-Missing', '03:42', 'On-Time', '-', NULL, 1, 0, '2021-06-01 16:59:44', '2021-06-01 16:59:44', NULL),
(144, '1021', '2021-04-29', '00:00', 'Time-In-Missing', '19:33', 'On-Time', '-', NULL, 1, 0, '2021-06-01 16:59:44', '2021-06-01 16:59:44', NULL),
(145, '1021', '2021-04-30', '00:00', 'Time-In-Missing', '03:34', 'On-Time', '-', NULL, 1, 0, '2021-06-01 16:59:44', '2021-06-01 16:59:44', NULL),
(146, '1021', '2021-04-30', '00:00', 'Time-In-Missing', '19:33', 'On-Time', '-', NULL, 1, 0, '2021-06-01 16:59:44', '2021-06-01 16:59:44', NULL),
(147, '1021', '2021-05-01', '00:00', 'Time-In-Missing', '03:34', 'On-Time', '-', NULL, 1, 0, '2021-06-01 16:59:44', '2021-06-01 16:59:44', NULL),
(148, '1021', '2021-05-03', '00:00', 'Time-In-Missing', '19:35', 'On-Time', '-', NULL, 1, 0, '2021-06-01 16:59:44', '2021-06-01 16:59:44', NULL),
(149, '1021', '2021-05-10', '00:00', 'Time-In-Missing', '19:37', 'On-Time', '-', NULL, 1, 0, '2021-06-01 16:59:44', '2021-06-01 16:59:44', NULL),
(150, '1021', '2021-05-13', '00:00', 'Time-In-Missing', '03:33', 'On-Time', '-', NULL, 1, 0, '2021-06-01 16:59:44', '2021-06-01 16:59:44', NULL),
(151, '1021', '2021-05-14', '00:00', 'Time-In-Missing', '22:06', 'On-Time', '-', NULL, 1, 0, '2021-06-01 16:59:44', '2021-06-01 16:59:44', NULL),
(152, '1021', '2021-05-15', '00:00', 'Time-In-Missing', '06:11', 'On-Time', '-', NULL, 1, 0, '2021-06-01 16:59:44', '2021-06-01 16:59:44', NULL),
(153, '1021', '2021-05-17', '00:00', 'Time-In-Missing', '18:39', 'On-Time', '-', NULL, 1, 0, '2021-06-01 16:59:44', '2021-06-01 16:59:44', NULL),
(154, '1021', '2021-05-19', '00:22', 'On-Time', NULL, NULL, NULL, NULL, 1, 0, '2021-06-01 16:59:44', '2021-06-01 16:59:44', NULL),
(155, '1021', '2021-05-21', '00:21', 'On-Time', NULL, NULL, NULL, NULL, 1, 0, '2021-06-01 16:59:45', '2021-06-01 16:59:45', NULL),
(156, '1021', '2021-05-24', '00:00', 'Time-In-Missing', '18:27', 'On-Time', '-', NULL, 1, 0, '2021-06-01 16:59:45', '2021-06-01 16:59:45', NULL),
(157, '1021', '2021-05-25', '00:00', 'Time-In-Missing', '03:34', 'On-Time', '-', NULL, 1, 0, '2021-06-01 16:59:45', '2021-06-01 16:59:45', NULL),
(158, '1021', '2021-05-25', '00:00', 'Time-In-Missing', '18:11', 'On-Time', '-', NULL, 1, 0, '2021-06-01 16:59:45', '2021-06-01 16:59:45', NULL),
(159, '1021', '2021-05-26', '00:00', 'Time-In-Missing', '03:40', 'On-Time', '-', NULL, 1, 0, '2021-06-01 16:59:45', '2021-06-01 16:59:45', NULL),
(160, '1021', '2021-05-26', '00:00', 'Time-In-Missing', '18:21', 'On-Time', '-', NULL, 1, 0, '2021-06-01 16:59:45', '2021-06-01 16:59:45', NULL),
(161, '1022', '2021-04-26', '00:00', 'Time-In-Missing', '21:14', 'On-Time', '-', NULL, 1, 0, '2021-06-01 16:59:45', '2021-06-01 16:59:45', NULL),
(162, '1022', '2021-04-29', '00:00', 'Time-In-Missing', '06:34', 'On-Time', '-', NULL, 1, 0, '2021-06-01 16:59:45', '2021-06-01 16:59:45', NULL),
(163, '1022', '2021-04-29', '00:00', 'Time-In-Missing', '21:15', 'On-Time', '-', NULL, 1, 0, '2021-06-01 16:59:45', '2021-06-01 16:59:45', NULL),
(164, '1022', '2021-04-30', '00:00', 'Time-In-Missing', '06:23', 'On-Time', '-', NULL, 1, 0, '2021-06-01 16:59:45', '2021-06-01 16:59:45', NULL),
(165, '1022', '2021-04-30', '00:00', 'Time-In-Missing', '21:07', 'On-Time', '-', NULL, 1, 0, '2021-06-01 16:59:45', '2021-06-01 16:59:45', NULL),
(166, '1022', '2021-05-01', '00:00', 'Time-In-Missing', '06:19', 'On-Time', '-', NULL, 1, 0, '2021-06-01 16:59:45', '2021-06-01 16:59:45', NULL),
(167, '1022', '2021-05-03', '00:00', 'Time-In-Missing', '21:09', 'On-Time', '-', NULL, 1, 0, '2021-06-01 16:59:45', '2021-06-01 16:59:45', NULL),
(168, '1022', '2021-05-10', '00:00', 'Time-In-Missing', '21:07', 'On-Time', '-', NULL, 1, 0, '2021-06-01 16:59:45', '2021-06-01 16:59:45', NULL),
(169, '1022', '2021-05-13', '00:00', 'Time-In-Missing', '04:55', 'On-Time', '-', NULL, 1, 0, '2021-06-01 16:59:45', '2021-06-01 16:59:45', NULL),
(170, '1022', '2021-05-13', '00:00', 'Time-In-Missing', '21:06', 'On-Time', '-', NULL, 1, 0, '2021-06-01 16:59:45', '2021-06-01 16:59:45', NULL),
(171, '1022', '2021-05-14', '00:00', 'Time-In-Missing', '06:00', 'On-Time', '-', NULL, 1, 0, '2021-06-01 16:59:45', '2021-06-01 16:59:45', NULL),
(172, '1022', '2021-05-17', '00:00', 'Time-In-Missing', '21:08', 'On-Time', '-', NULL, 1, 0, '2021-06-01 16:59:45', '2021-06-01 16:59:45', NULL),
(173, '1022', '2021-05-24', '00:00', 'Time-In-Missing', '21:11', 'On-Time', '-', NULL, 1, 0, '2021-06-01 16:59:45', '2021-06-01 16:59:45', NULL),
(174, '1022', '2021-05-25', '00:00', 'Time-In-Missing', '06:31', 'On-Time', '-', NULL, 1, 0, '2021-06-01 16:59:45', '2021-06-01 16:59:45', NULL),
(175, '1022', '2021-05-26', '00:00', 'Time-In-Missing', '03:27', 'On-Time', '-', NULL, 1, 0, '2021-06-01 16:59:45', '2021-06-01 16:59:45', NULL),
(176, '1022', '2021-05-26', '00:00', 'Time-In-Missing', '18:22', 'On-Time', '-', NULL, 1, 0, '2021-06-01 16:59:45', '2021-06-01 16:59:45', NULL),
(177, '1024', '2021-04-29', '00:00', 'Time-In-Missing', '06:58', 'On-Time', '-', NULL, 1, 0, '2021-06-01 16:59:45', '2021-06-01 16:59:45', NULL),
(178, '1024', '2021-04-29', '00:00', 'Time-In-Missing', '21:54', 'On-Time', '-', NULL, 1, 0, '2021-06-01 16:59:45', '2021-06-01 16:59:45', NULL),
(179, '1024', '2021-04-30', '00:00', 'Time-In-Missing', '07:04', 'On-Time', '-', NULL, 1, 0, '2021-06-01 16:59:45', '2021-06-01 16:59:45', NULL),
(180, '1024', '2021-05-01', '00:00', 'Time-In-Missing', '06:28', 'On-Time', '-', NULL, 1, 0, '2021-06-01 16:59:45', '2021-06-01 16:59:45', NULL),
(181, '1024', '2021-05-03', '00:00', 'Time-In-Missing', '22:07', 'On-Time', '-', NULL, 1, 0, '2021-06-01 16:59:45', '2021-06-01 16:59:45', NULL),
(182, '1024', '2021-05-14', '00:00', 'Time-In-Missing', '22:49', 'On-Time', '-', NULL, 1, 0, '2021-06-01 16:59:45', '2021-06-01 16:59:45', NULL),
(183, '1024', '2021-05-15', '00:00', 'Time-In-Missing', '06:21', 'On-Time', '-', NULL, 1, 0, '2021-06-01 16:59:45', '2021-06-01 16:59:45', NULL),
(184, '1024', '2021-05-24', '00:00', 'Time-In-Missing', '22:31', 'On-Time', '-', NULL, 1, 0, '2021-06-01 16:59:45', '2021-06-01 16:59:45', NULL),
(185, '1024', '2021-05-25', '00:00', 'Time-In-Missing', '06:59', 'On-Time', '-', NULL, 1, 0, '2021-06-01 16:59:45', '2021-06-01 16:59:45', NULL),
(186, '1024', '2021-05-25', '00:00', 'Time-In-Missing', '19:30', 'On-Time', '-', NULL, 1, 0, '2021-06-01 16:59:45', '2021-06-01 16:59:45', NULL),
(187, '1024', '2021-05-26', '00:00', 'Time-In-Missing', '04:45', 'On-Time', '-', NULL, 1, 0, '2021-06-01 16:59:45', '2021-06-01 16:59:45', NULL),
(188, '1024', '2021-05-26', '00:00', 'Time-In-Missing', '04:50', 'On-Time', '-', NULL, 1, 0, '2021-06-01 16:59:45', '2021-06-01 16:59:45', NULL),
(189, '1024', '2021-05-26', '00:00', 'Time-In-Missing', '19:18', 'On-Time', '-', NULL, 1, 0, '2021-06-01 16:59:45', '2021-06-01 16:59:45', NULL),
(190, '1027', '2021-04-26', '00:00', 'Time-In-Missing', '20:45', 'On-Time', '-', NULL, 1, 0, '2021-06-01 16:59:45', '2021-06-01 16:59:45', NULL),
(191, '1027', '2021-04-29', '00:00', 'Time-In-Missing', '07:42', 'On-Time', '-', NULL, 1, 0, '2021-06-01 16:59:45', '2021-06-01 16:59:45', NULL),
(192, '1027', '2021-04-29', '00:00', 'Time-In-Missing', '20:51', 'On-Time', '-', NULL, 1, 0, '2021-06-01 16:59:45', '2021-06-01 16:59:45', NULL),
(193, '1027', '2021-05-01', '00:00', 'Time-In-Missing', '06:58', 'On-Time', '-', NULL, 1, 0, '2021-06-01 16:59:45', '2021-06-01 16:59:45', NULL),
(194, '1027', '2021-05-03', '00:00', 'Time-In-Missing', '20:08', 'On-Time', '-', NULL, 1, 0, '2021-06-01 16:59:45', '2021-06-01 16:59:45', NULL),
(195, '1027', '2021-05-10', '00:00', 'Time-In-Missing', '21:34', 'On-Time', '-', NULL, 1, 0, '2021-06-01 16:59:45', '2021-06-01 16:59:45', NULL),
(196, '1027', '2021-05-13', '00:00', 'Time-In-Missing', '04:59', 'Half-Day', '-', NULL, 1, 0, '2021-06-01 16:59:45', '2021-06-01 16:59:45', NULL),
(197, '1027', '2021-05-13', '00:00', 'Time-In-Missing', '20:37', 'On-Time', '-', NULL, 1, 0, '2021-06-01 16:59:45', '2021-06-01 16:59:45', NULL),
(198, '1027', '2021-05-14', '00:00', 'Time-In-Missing', '06:26', 'On-Time', '-', NULL, 1, 0, '2021-06-01 16:59:45', '2021-06-01 16:59:45', NULL),
(199, '1027', '2021-05-14', '00:00', 'Time-In-Missing', '15:57', 'On-Time', '-', NULL, 1, 0, '2021-06-01 16:59:45', '2021-06-01 16:59:45', NULL),
(200, '1027', '2021-05-17', '00:00', 'Time-In-Missing', '18:55', 'On-Time', '-', NULL, 1, 0, '2021-06-01 16:59:45', '2021-06-01 16:59:45', NULL),
(201, '1027', '2021-05-24', '00:00', 'Time-In-Missing', '20:07', 'On-Time', '-', NULL, 1, 0, '2021-06-01 16:59:45', '2021-06-01 16:59:45', NULL),
(202, '1027', '2021-05-25', '00:00', 'Time-In-Missing', '06:50', 'On-Time', '-', NULL, 1, 0, '2021-06-01 16:59:45', '2021-06-01 16:59:45', NULL),
(203, '1027', '2021-05-25', '00:00', 'Time-In-Missing', '18:11', 'On-Time', '-', NULL, 1, 0, '2021-06-01 16:59:45', '2021-06-01 16:59:45', NULL),
(204, '1027', '2021-05-26', '00:00', 'Time-In-Missing', '05:45', 'Early-Out', '-', NULL, 1, 0, '2021-06-01 16:59:45', '2021-06-01 16:59:45', NULL),
(205, '1027', '2021-05-26', '00:00', 'Time-In-Missing', '20:18', 'On-Time', '-', NULL, 1, 0, '2021-06-01 16:59:45', '2021-06-01 16:59:45', NULL),
(206, '1032', '2021-04-26', '00:00', 'Time-In-Missing', '18:23', 'On-Time', '-', NULL, 1, 0, '2021-06-01 16:59:46', '2021-06-01 16:59:46', NULL),
(207, '1032', '2021-04-29', '00:00', 'Time-In-Missing', '18:18', 'On-Time', '-', NULL, 1, 0, '2021-06-01 16:59:46', '2021-06-01 16:59:46', NULL),
(208, '1032', '2021-04-30', '00:00', 'Time-In-Missing', '03:05', 'On-Time', '-', NULL, 1, 0, '2021-06-01 16:59:46', '2021-06-01 16:59:46', NULL),
(209, '1032', '2021-04-30', '00:00', 'Time-In-Missing', '20:58', 'On-Time', '-', NULL, 1, 0, '2021-06-01 16:59:46', '2021-06-01 16:59:46', NULL),
(210, '1032', '2021-05-01', '00:00', 'Time-In-Missing', '06:45', 'On-Time', '-', NULL, 1, 0, '2021-06-01 16:59:46', '2021-06-01 16:59:46', NULL),
(211, '1032', '2021-05-03', '00:00', 'Time-In-Missing', '18:23', 'On-Time', '-', NULL, 1, 0, '2021-06-01 16:59:46', '2021-06-01 16:59:46', NULL),
(212, '1032', '2021-05-10', '00:00', 'Time-In-Missing', '21:07', 'On-Time', '-', NULL, 1, 0, '2021-06-01 16:59:46', '2021-06-01 16:59:46', NULL),
(213, '1032', '2021-05-13', '00:00', 'Time-In-Missing', '18:15', 'On-Time', '-', NULL, 1, 0, '2021-06-01 16:59:46', '2021-06-01 16:59:46', NULL),
(214, '1032', '2021-05-14', '00:00', 'Time-In-Missing', '03:03', 'On-Time', '-', NULL, 1, 0, '2021-06-01 16:59:46', '2021-06-01 16:59:46', NULL),
(215, '1032', '2021-05-17', '00:00', 'Time-In-Missing', '18:17', 'On-Time', '-', NULL, 1, 0, '2021-06-01 16:59:46', '2021-06-01 16:59:46', NULL),
(216, '1032', '2021-05-25', '00:00', 'Time-In-Missing', '03:04', 'On-Time', '-', NULL, 1, 0, '2021-06-01 16:59:46', '2021-06-01 16:59:46', NULL),
(217, '1032', '2021-05-25', '00:00', 'Time-In-Missing', '18:22', 'On-Time', '-', NULL, 1, 0, '2021-06-01 16:59:46', '2021-06-01 16:59:46', NULL),
(218, '1032', '2021-05-26', '00:00', 'Time-In-Missing', '05:46', 'On-Time', '-', NULL, 1, 0, '2021-06-01 16:59:46', '2021-06-01 16:59:46', NULL),
(219, '1032', '2021-05-26', '00:00', 'Time-In-Missing', '18:25', 'On-Time', '-', NULL, 1, 0, '2021-06-01 16:59:46', '2021-06-01 16:59:46', NULL),
(220, '1036', '2021-04-26', '00:00', 'Time-In-Missing', '06:11', 'On-Time', '-', NULL, 1, 0, '2021-06-01 16:59:46', '2021-06-01 16:59:46', NULL),
(221, '1036', '2021-05-03', '00:00', 'Time-In-Missing', '06:14', 'On-Time', '-', NULL, 1, 0, '2021-06-01 16:59:46', '2021-06-01 16:59:46', NULL),
(222, '1036', '2021-05-03', '00:00', 'Time-In-Missing', '14:49', 'On-Time', '-', NULL, 1, 0, '2021-06-01 16:59:46', '2021-06-01 16:59:46', NULL),
(223, '1036', '2021-05-10', '00:00', 'Time-In-Missing', '06:16', 'On-Time', '-', NULL, 1, 0, '2021-06-01 16:59:46', '2021-06-01 16:59:46', NULL),
(224, '1036', '2021-05-10', '00:00', 'Time-In-Missing', '16:04', 'On-Time', '-', NULL, 1, 0, '2021-06-01 16:59:46', '2021-06-01 16:59:46', NULL),
(225, '1036', '2021-05-14', '00:00', 'Time-In-Missing', '10:31', 'On-Time', '-', NULL, 1, 0, '2021-06-01 16:59:46', '2021-06-01 16:59:46', NULL),
(226, '1036', '2021-05-14', '00:00', 'Time-In-Missing', '16:45', 'On-Time', '-', NULL, 1, 0, '2021-06-01 16:59:46', '2021-06-01 16:59:46', NULL),
(227, '1036', '2021-05-17', '00:00', 'Time-In-Missing', '22:00', 'On-Time', '-', NULL, 1, 0, '2021-06-01 16:59:46', '2021-06-01 16:59:46', NULL),
(228, '1037', '2021-04-30', '00:00', 'Time-In-Missing', '03:03', 'On-Time', '-', NULL, 1, 0, '2021-06-01 16:59:46', '2021-06-01 16:59:46', NULL),
(229, '1037', '2021-05-03', '00:00', 'Time-In-Missing', '21:34', 'On-Time', '-', NULL, 1, 0, '2021-06-01 16:59:46', '2021-06-01 16:59:46', NULL),
(230, '1037', '2021-05-10', '00:00', 'Time-In-Missing', '22:09', 'On-Time', '-', NULL, 1, 0, '2021-06-01 16:59:46', '2021-06-01 16:59:46', NULL),
(231, '1037', '2021-05-14', '00:00', 'Time-In-Missing', '21:19', 'On-Time', '-', NULL, 1, 0, '2021-06-01 16:59:46', '2021-06-01 16:59:46', NULL),
(232, '1037', '2021-05-17', '00:00', 'Time-In-Missing', '21:22', 'On-Time', '-', NULL, 1, 0, '2021-06-01 16:59:46', '2021-06-01 16:59:46', NULL),
(233, '1037', '2021-05-24', '00:00', 'Time-In-Missing', '21:46', 'On-Time', '-', NULL, 1, 0, '2021-06-01 16:59:46', '2021-06-01 16:59:46', NULL),
(234, '1037', '2021-05-25', '00:00', 'Time-In-Missing', '04:47', 'On-Time', '-', NULL, 1, 0, '2021-06-01 16:59:46', '2021-06-01 16:59:46', NULL),
(235, '1041', '2021-05-24', '00:00', 'Time-In-Missing', '21:00', 'On-Time', '-', NULL, 1, 0, '2021-06-01 16:59:46', '2021-06-01 16:59:46', NULL),
(236, '1041', '2021-05-25', '00:00', 'Time-In-Missing', '18:08', 'On-Time', '-', NULL, 1, 0, '2021-06-01 16:59:46', '2021-06-01 16:59:46', NULL),
(237, '1041', '2021-05-26', '00:00', 'Time-In-Missing', '03:20', 'On-Time', '-', NULL, 1, 0, '2021-06-01 16:59:46', '2021-06-01 16:59:46', NULL),
(238, '1041', '2021-05-26', '00:00', 'Time-In-Missing', '18:15', 'On-Time', '-', NULL, 1, 0, '2021-06-01 16:59:46', '2021-06-01 16:59:46', NULL),
(239, '1042', '2021-05-24', '00:00', 'Time-In-Missing', '21:06', 'On-Time', '-', NULL, 1, 0, '2021-06-01 16:59:46', '2021-06-01 16:59:46', NULL),
(240, '1042', '2021-05-25', '00:00', 'Time-In-Missing', '06:19', 'On-Time', '-', NULL, 1, 0, '2021-06-01 16:59:46', '2021-06-01 16:59:46', NULL),
(241, '1042', '2021-05-25', '00:00', 'Time-In-Missing', '18:13', 'On-Time', '-', NULL, 1, 0, '2021-06-01 16:59:46', '2021-06-01 16:59:46', NULL),
(242, '1042', '2021-05-26', '00:00', 'Time-In-Missing', '03:17', 'On-Time', '-', NULL, 1, 0, '2021-06-01 16:59:46', '2021-06-01 16:59:46', NULL),
(243, '1042', '2021-05-26', '00:00', 'Time-In-Missing', '18:45', 'On-Time', '-', NULL, 1, 0, '2021-06-01 16:59:46', '2021-06-01 16:59:46', NULL);

-- --------------------------------------------------------

--
-- Table structure for table `attributes`
--

CREATE TABLE `attributes` (
  `id` int(10) UNSIGNED NOT NULL,
  `project_id` int(11) NOT NULL,
  `attribute` varchar(255) COLLATE utf8mb4_unicode_ci NOT NULL,
  `name` varchar(255) COLLATE utf8mb4_unicode_ci DEFAULT NULL,
  `role` varchar(255) COLLATE utf8mb4_unicode_ci DEFAULT NULL,
  `color` varchar(255) COLLATE utf8mb4_unicode_ci DEFAULT NULL,
  `model` varchar(255) COLLATE utf8mb4_unicode_ci DEFAULT NULL,
  `icon` varchar(20) COLLATE utf8mb4_unicode_ci DEFAULT NULL,
  `is_active` tinyint(4) NOT NULL DEFAULT 1,
  `is_deleted` tinyint(4) NOT NULL DEFAULT 0,
  `created_at` timestamp NOT NULL DEFAULT current_timestamp(),
  `updated_at` timestamp NOT NULL DEFAULT current_timestamp() ON UPDATE current_timestamp(),
  `deleted_at` timestamp NULL DEFAULT NULL
) ENGINE=InnoDB DEFAULT CHARSET=utf8mb4 COLLATE=utf8mb4_unicode_ci;

--
-- Dumping data for table `attributes`
--

INSERT INTO `attributes` (`id`, `project_id`, `attribute`, `name`, `role`, `color`, `model`, `icon`, `is_active`, `is_deleted`, `created_at`, `updated_at`, `deleted_at`) VALUES
(1, 0, 'roles', 'Super Admin', 'Super Admin', '#00ffe5', NULL, 'icon-wallet', 1, 0, '2021-05-12 00:45:00', '2021-12-08 21:50:14', NULL),
(2, 0, 'roles', 'Admin', 'Admin', '#0084ff', NULL, 'icon-wallet', 0, 1, '2021-05-12 00:45:13', '2022-01-05 21:11:14', NULL),
(3, 0, 'roles', 'Customer', 'Customer', '#b3ff00', NULL, 'icon-wallet', 0, 1, '2021-05-12 00:46:30', '2022-01-05 21:11:18', NULL),
(4, 0, 'roles', 'Guider', 'Guider', '#ff5c33', NULL, 'icon-wallet', 0, 1, '2021-05-12 00:46:51', '2022-01-05 21:11:30', NULL),
(5, 0, 'user-creation', 'User Creation', 'User', '#5821ab', NULL, 'icon-diamond', 0, 1, '2021-06-21 22:22:06', '2022-01-04 21:35:53', NULL),
(6, 0, 'education', 'Education', 'Education', '#e2ff42 ', NULL, 'icon-fire', 0, 1, '2021-06-21 22:22:06', '2022-01-04 21:35:48', NULL),
(7, 0, 'weekly-breakdown', 'Weekly Breakdown', 'Weekly Breakdown', '#ffbc42', NULL, 'icon-support', 0, 1, '2021-06-21 22:22:06', '2022-01-04 21:35:03', NULL),
(8, 0, 'midweek-market-review', 'Midweek Market Review', 'Midweek Market Review', '#ff4242', NULL, 'icon-support', 0, 1, '2021-06-21 22:22:06', '2022-01-04 21:34:57', NULL),
(9, 0, 'monthly-signals-report', 'Monthly Signals Report', 'Monthly Signals Report', '#7ea505', NULL, 'icon-calendar', 0, 1, '2021-06-21 22:22:06', '2022-01-04 21:34:49', NULL),
(10, 0, 'billing', 'Billing', 'Billing', '#b3ff00', NULL, 'icon-book-open', 0, 1, '2021-05-12 00:46:30', '2022-01-04 21:34:40', NULL),
(11, 0, 'testimonials', 'testimonials', 'testimonials', '#bb4646 ', 'testimonials', 'icon-people', 1, 0, '2021-05-12 00:45:00', '2021-12-21 01:37:58', NULL),
(38, 0, 'packages', 'Packages', 'Packages', '#09bbff', 'packages ', 'icon-wrench', 0, 1, '2021-06-21 22:22:06', '2022-01-04 21:34:12', NULL),
(39, 0, 'faqs', 'Faqs', 'Faqs', '#ffca09', 'faqs', 'icon-badge', 0, 1, '2021-06-21 22:22:06', '2022-01-04 21:35:13', NULL),
(40, 0, 'peaktop', 'Peaktop', 'Peaktop', '#bb4646', 'peaktop', 'icon-badge', 1, 0, '2021-12-20 19:02:18', '2021-12-20 19:02:18', NULL),
(41, 0, 'ourwork', 'ourwork', 'ourwork', '#bb4646', 'ourwork', 'icon-badge', 1, 0, '2021-12-20 22:23:01', '2021-12-20 22:23:01', NULL),
(42, 0, 'instructor', 'Instructor', 'Instructor', '#bb4646', 'instructor', 'icon-badge', 1, 0, '2021-12-20 23:40:56', '2021-12-20 23:40:56', NULL),
(43, 0, 'cms', 'cms', 'cms', '#bb4646', 'cms', 'icon-badge', 1, 0, '2021-12-21 17:44:58', '2021-12-21 17:44:58', NULL),
(44, 0, 'contact', 'contact', 'contact', '#bb4646', 'contact', 'icon-badge', 1, 0, '2021-12-22 21:11:33', '2021-12-23 21:23:28', NULL),
(45, 0, 'team', 'team', 'team', '#bb4646', 'team', 'icon-badge', 1, 0, '2021-12-22 23:15:10', '2021-12-23 21:20:40', NULL),
(46, 0, 'category', 'category', 'category', '#bb4646', 'category', 'fas fa-shopping-cart', 1, 0, '2021-12-23 21:24:18', '2021-12-23 21:24:18', NULL),
(53, 0, 'colour', 'colour', 'colour', '#bb4646', 'colour', 'fas fa-shopping-cart', 1, 0, '2021-12-25 00:58:05', '2021-12-25 00:58:05', NULL),
(54, 0, 'size', 'size', 'size', '#bb4646', 'size', 'fas fa-shopping-cart', 1, 0, '2021-12-25 01:39:34', '2021-12-25 01:39:34', NULL),
(55, 0, 'fabric', 'fabric', 'fabric', '#bb4646', 'fabric', 'fas fa-shopping-cart', 1, 0, '2021-12-25 01:39:56', '2021-12-25 01:39:56', NULL),
(56, 0, 'product', 'product', 'product', '#bb4646', 'product', 'fas fa-shopping-cart', 1, 0, '2021-12-25 02:28:49', '2021-12-25 02:28:49', NULL),
(57, 0, 'product_list', 'product_list', 'product_list', '#bb4646', 'product_list', 'fas fa-shopping-cart', 1, 0, '2021-12-28 21:44:05', '2021-12-28 21:44:05', NULL);

-- --------------------------------------------------------

--
-- Table structure for table `breakdown`
--

CREATE TABLE `breakdown` (
  `id` int(10) UNSIGNED NOT NULL,
  `is_active` tinyint(4) NOT NULL DEFAULT 1,
  `is_deleted` tinyint(4) NOT NULL DEFAULT 0,
  `created_at` timestamp NOT NULL DEFAULT current_timestamp(),
  `updated_at` timestamp NOT NULL DEFAULT current_timestamp() ON UPDATE current_timestamp(),
  `deleted_at` timestamp NULL DEFAULT NULL
) ENGINE=InnoDB DEFAULT CHARSET=utf8mb4 COLLATE=utf8mb4_unicode_ci;

-- --------------------------------------------------------

--
-- Table structure for table `category`
--

CREATE TABLE `category` (
  `id` int(11) NOT NULL,
  `name` varchar(255) NOT NULL,
  `slug` varchar(255) NOT NULL,
  `is_active` tinyint(4) NOT NULL DEFAULT 1,
  `is_deleted` tinyint(4) NOT NULL DEFAULT 0,
  `created_at` timestamp NOT NULL DEFAULT current_timestamp(),
  `updated_at` timestamp NOT NULL DEFAULT current_timestamp() ON UPDATE current_timestamp(),
  `deleted_at` timestamp NULL DEFAULT NULL
) ENGINE=InnoDB DEFAULT CHARSET=utf8mb4;

--
-- Dumping data for table `category`
--

INSERT INTO `category` (`id`, `name`, `slug`, `is_active`, `is_deleted`, `created_at`, `updated_at`, `deleted_at`) VALUES
(1, 'Shirt', 'shirt', 1, 0, '2021-12-23 01:04:46', '2021-12-24 19:50:34', NULL),
(4, 'Hat', 'hat', 1, 0, '2021-12-24 23:42:26', '2021-12-24 23:42:26', NULL),
(5, 'Bag', 'bag', 1, 0, '2021-12-25 00:26:13', '2021-12-25 00:26:13', NULL),
(6, 'Outerwear', 'outerwear', 1, 0, '2021-12-29 17:47:52', '2021-12-29 17:47:52', NULL),
(7, 'Online Lesson', 'onlinelesson', 1, 0, '2021-12-29 18:08:32', '2021-12-29 18:08:32', NULL);

-- --------------------------------------------------------

--
-- Table structure for table `chat`
--

CREATE TABLE `chat` (
  `id` int(11) NOT NULL,
  `to_user_id` int(11) NOT NULL,
  `from_user_id` int(11) NOT NULL,
  `message` text CHARACTER SET utf8mb4 COLLATE utf8mb4_unicode_ci NOT NULL,
  `group_id` int(11) NOT NULL DEFAULT 0,
  `is_active` tinyint(4) NOT NULL DEFAULT 1,
  `is_deleted` tinyint(4) NOT NULL DEFAULT 0,
  `created_at` timestamp NOT NULL DEFAULT current_timestamp(),
  `updated_at` timestamp NOT NULL DEFAULT current_timestamp()
) ENGINE=InnoDB DEFAULT CHARSET=latin1;

--
-- Dumping data for table `chat`
--

INSERT INTO `chat` (`id`, `to_user_id`, `from_user_id`, `message`, `group_id`, `is_active`, `is_deleted`, `created_at`, `updated_at`) VALUES
(1, 6, 1, 'test', 0, 1, 0, '2021-06-23 18:39:04', '2021-06-23 18:39:04'),
(2, 24, 2, 'hi', 0, 1, 0, '2021-06-23 18:41:40', '2021-06-23 18:41:40'),
(3, 24, 24, 'hi', 0, 1, 0, '2021-06-23 18:42:24', '2021-06-23 18:42:24'),
(4, 24, 2, 'hi', 0, 1, 0, '2021-06-23 18:43:22', '2021-06-23 18:43:22'),
(5, 24, 2, 'test', 0, 1, 0, '2021-06-23 18:43:57', '2021-06-23 18:43:57'),
(6, 2, 24, 'hi', 0, 1, 0, '2021-06-23 18:45:16', '2021-06-23 18:45:16'),
(7, 24, 2, 'testtsetsetset', 0, 1, 0, '2021-06-23 18:45:28', '2021-06-23 18:45:28'),
(8, 24, 2, 'asdasasd', 0, 1, 0, '2021-06-23 18:46:07', '2021-06-23 18:46:07'),
(9, 24, 2, 'asdsdasd', 0, 1, 0, '2021-06-23 18:46:13', '2021-06-23 18:46:13'),
(10, 2, 24, 'hiasdsd', 0, 1, 0, '2021-06-23 18:46:17', '2021-06-23 18:46:17'),
(11, 24, 4, 'test', 0, 1, 0, '2021-06-23 19:39:24', '2021-06-23 19:39:24'),
(12, 4, 24, 'test', 0, 1, 0, '2021-06-23 19:40:47', '2021-06-23 19:40:47'),
(13, 24, 4, 'vbn', 0, 1, 0, '2021-06-23 19:40:54', '2021-06-23 19:40:54'),
(14, 24, 4, 'dfgdfgdf', 0, 1, 0, '2021-06-23 19:41:11', '2021-06-23 19:41:11'),
(15, 4, 24, '123132', 0, 1, 0, '2021-06-23 19:41:26', '2021-06-23 19:41:26'),
(16, 4, 7, 'test', 0, 1, 0, '2021-06-24 10:52:46', '2021-06-24 10:52:46'),
(17, 7, 4, 'vbn', 0, 1, 0, '2021-06-24 10:52:59', '2021-06-24 10:52:59'),
(18, 4, 1, 'test', 0, 1, 0, '2021-07-06 05:46:20', '2021-07-06 05:46:20'),
(19, 4, 7, 'kjhkhk', 0, 1, 0, '2021-06-24 10:54:08', '2021-06-24 10:54:08'),
(20, 3, 2, 'asdasd', 0, 1, 0, '2021-07-02 13:48:35', '2021-07-02 13:48:35'),
(21, 2, 3, 'asdasasdasd', 0, 1, 0, '2021-07-02 13:48:46', '2021-07-02 13:48:46'),
(22, 3, 2, 'hi', 0, 1, 0, '2021-07-02 13:49:09', '2021-07-02 13:49:09'),
(23, 2, 3, 'asdasasdasdasdasd', 0, 1, 0, '2021-07-02 14:00:37', '2021-07-02 14:00:37'),
(24, 4, 1, 'test', 0, 1, 0, '2021-07-06 05:46:20', '2021-07-06 05:46:20'),
(124, 24, 4, 'asdsa', 0, 1, 0, '2021-07-13 01:43:55', '2021-07-13 01:43:55'),
(125, 24, 4, 'Okay', 0, 1, 0, '2021-07-13 01:51:32', '2021-07-13 01:51:32'),
(126, 4, 24, 'hey love', 0, 1, 0, '2021-07-13 02:02:20', '2021-07-13 02:02:20'),
(127, 24, 4, 'do you miss me', 0, 1, 0, '2021-07-13 02:02:31', '2021-07-13 02:02:31'),
(128, 4, 24, 'Nice dp babe', 0, 1, 0, '2021-07-13 02:03:22', '2021-07-13 02:03:22'),
(129, 24, 4, 'test', 0, 1, 0, '2021-07-13 02:05:44', '2021-07-13 02:05:44'),
(130, 24, 4, 'test tes tset set', 0, 1, 0, '2021-07-13 02:07:37', '2021-07-13 02:07:37'),
(131, 24, 24, 'test', 0, 1, 0, '2021-07-13 02:36:53', '2021-07-13 02:36:53'),
(132, 24, 4, 'tset', 0, 1, 0, '2021-07-13 02:59:33', '2021-07-13 02:59:33'),
(133, 24, 4, 'test', 0, 1, 0, '2021-07-13 03:18:47', '2021-07-13 03:18:47'),
(134, 24, 4, 'tse', 0, 1, 0, '2021-07-13 03:29:06', '2021-07-13 03:29:06'),
(135, 4, 4, 'tset', 0, 1, 0, '2021-07-13 03:32:33', '2021-07-13 03:32:33'),
(136, 4, 4, 'rrrr', 0, 1, 0, '2021-07-13 03:33:02', '2021-07-13 03:33:02'),
(137, 4, 4, 'rtyrt', 0, 1, 0, '2021-07-13 03:33:23', '2021-07-13 03:33:23'),
(138, 19, 4, 'tste', 0, 1, 0, '2021-07-13 03:39:52', '2021-07-13 03:39:52'),
(139, 6, 4, 'tsetsetstset', 0, 1, 0, '2021-07-13 03:53:53', '2021-07-13 03:53:53'),
(140, 24, 4, 'teststset', 0, 1, 0, '2021-07-13 19:19:03', '2021-07-13 19:19:03'),
(141, 4, 24, 'asdasd', 0, 1, 0, '2021-07-13 19:19:09', '2021-07-13 19:19:09'),
(142, 4, 5, 'hi', 0, 1, 0, '2021-07-13 19:36:50', '2021-07-13 19:36:50'),
(143, 4, 5, 'hi', 0, 1, 0, '2021-07-13 19:37:00', '2021-07-13 19:37:00'),
(144, 4, 5, 'adsdas', 0, 1, 0, '2021-07-13 19:37:07', '2021-07-13 19:37:07'),
(145, 4, 5, 'asdsdadsasad', 0, 1, 0, '2021-07-13 19:37:17', '2021-07-13 19:37:17'),
(146, 4, 5, 'sdadfsa', 0, 1, 0, '2021-07-13 19:37:25', '2021-07-13 19:37:25'),
(147, 4, 5, 'dfdfsasdfa', 0, 1, 0, '2021-07-13 19:37:37', '2021-07-13 19:37:37'),
(148, 24, 4, 'testst', 0, 1, 0, '2021-07-13 19:41:16', '2021-07-13 19:41:16'),
(149, 4, 24, 'asdasdada', 0, 1, 0, '2021-07-13 19:41:26', '2021-07-13 19:41:26'),
(150, 24, 24, 'Okay', 0, 1, 0, '2021-07-13 19:42:32', '2021-07-13 19:42:32'),
(151, 24, 24, 'asdadsadasd', 0, 1, 0, '2021-07-13 19:42:44', '2021-07-13 19:42:44'),
(152, 24, 4, 'test', 0, 1, 0, '2021-07-13 19:43:05', '2021-07-13 19:43:05'),
(153, 24, 2, 'test', 0, 1, 0, '2021-07-13 23:01:07', '2021-07-13 23:01:07'),
(154, 24, 2, 'ok', 0, 1, 0, '2021-07-13 23:02:08', '2021-07-13 23:02:08'),
(155, 24, 2, 'oyuoy', 0, 1, 0, '2021-07-13 23:02:31', '2021-07-13 23:02:31'),
(156, 23, 3, 'tset', 0, 1, 0, '2021-07-13 23:52:00', '2021-07-13 23:52:00'),
(157, 3, 23, 'tsettset', 0, 1, 0, '2021-07-13 23:52:07', '2021-07-13 23:52:07'),
(158, 23, 3, 'test', 0, 1, 0, '2021-07-13 23:52:11', '2021-07-13 23:52:11'),
(159, 23, 3, 'Assalam wr', 0, 1, 0, '2021-07-13 23:54:35', '2021-07-13 23:54:35'),
(160, 3, 23, 'asdadasd', 0, 1, 0, '2021-07-13 23:54:44', '2021-07-13 23:54:44'),
(161, 18, 2, 'A', 0, 1, 0, '2021-07-14 02:28:03', '2021-07-14 02:28:03'),
(162, 18, 2, 'AA', 0, 1, 0, '2021-07-14 02:28:08', '2021-07-14 02:28:08'),
(163, 18, 2, 'aaaa', 0, 1, 0, '2021-07-14 02:29:17', '2021-07-14 02:29:17'),
(164, 2, 18, 'CC', 0, 1, 0, '2021-07-14 02:29:24', '2021-07-14 02:29:24');

-- --------------------------------------------------------

--
-- Table structure for table `cms`
--

CREATE TABLE `cms` (
  `id` int(11) NOT NULL,
  `pageID` int(11) NOT NULL,
  `sectionID` int(11) NOT NULL,
  `content` text NOT NULL,
  `is_active` tinyint(4) NOT NULL DEFAULT 1,
  `is_deleted` tinyint(4) NOT NULL DEFAULT 0,
  `created_at` timestamp NOT NULL DEFAULT current_timestamp(),
  `updated_at` timestamp NOT NULL DEFAULT current_timestamp() ON UPDATE current_timestamp(),
  `deleted_at` timestamp NULL DEFAULT NULL
) ENGINE=InnoDB DEFAULT CHARSET=utf8mb4;

--
-- Dumping data for table `cms`
--

INSERT INTO `cms` (`id`, `pageID`, `sectionID`, `content`, `is_active`, `is_deleted`, `created_at`, `updated_at`, `deleted_at`) VALUES
(4, 1, 1, '<p>We are an athletic training facility that mixes a little old school with the new school! We biomechanical approach to movement to maximize movement pattern efficiency which in return maximizes power output and encourages healthy movements!</p>\r\n<p>All of our instructors and trainers played college or pro sports which allows us to provide first hand experience and study each sport extensively to continue are knowledge on maximizing the performance of our athletes!</p>', 1, 0, '2021-12-21 18:57:17', '2022-01-05 21:34:51', NULL),
(5, 1, 1, '<p>We are an athletic training facility that mixes a little old school with the new school! We biomechanical approach to movement to maximize movement pattern efficiency which in return maximizes power output and encourages healthy movements!</p>\r\n<p>All of our instructors and trainers played college or pro sports which allows us to provide first hand experience and study each sport extensively to continue are knowledge on maximizing the performance of our athletes!</p>', 1, 0, '2021-12-21 19:06:46', '2021-12-21 19:06:46', NULL),
(9, 1, 2, '<h3>Mobility</h3>\r\n\r\n<ul>\r\n	<li>Hip External Rotation</li>\r\n	<li>Hip Internal Rotation</li>\r\n	<li>Shoulder External Rotation</li>\r\n	<li>Shoulder Internal Rotation</li>\r\n	<li>Shoulder Pronation</li>\r\n	<li>Ankle Dorsiflexion</li>\r\n	<li>Ankle Plantarflexion</li>\r\n	<li>Spine Rotation</li>\r\n	<li>Hamstring</li>\r\n	<li>Overhead Squat</li>\r\n</ul>\r\n\r\n<h3>Strength/Athleticism</h3>\r\n\r\n<ul>\r\n	<li>Grip Strength</li>\r\n	<li>Abductors</li>\r\n	<li>Adductors</li>\r\n	<li>Deadlift</li>\r\n	<li>Bicep</li>\r\n	<li>Tricep</li>\r\n	<li>Back</li>\r\n	<li>Chest</li>\r\n	<li>Shoulder</li>\r\n	<li>Calf</li>\r\n	<li>Broad Jump</li>\r\n	<li>20 Yard Sprint</li>\r\n	<li>And More</li>\r\n</ul>\r\n\r\n<h3>Hitting</h3>\r\n\r\n<ul>\r\n	<li>High Speed Video Analysis</li>\r\n	<li>Exit Velocity</li>\r\n	<li>Launch Angle</li>\r\n	<li>Attack Angle</li>\r\n	<li>Hand Speed</li>\r\n	<li>Bat Speed</li>\r\n	<li>Launch Quickness</li>\r\n	<li>Kinetic Chain</li>\r\n	<li>Timing</li>\r\n	<li>Rhythm</li>\r\n	<li>Point of Contact</li>\r\n	<li>And More</li>\r\n</ul>\r\n\r\n<h3>Pitching</h3>\r\n\r\n<ul>\r\n	<li>High Speed Video Analysis</li>\r\n	<li>Velocity</li>\r\n	<li>Spin Rate</li>\r\n	<li>Spin Direction</li>\r\n	<li>Spin Efficiency</li>\r\n	<li>Vertical Break</li>\r\n	<li>Horizontal Break</li>\r\n	<li>Release Angle</li>\r\n	<li>Release Height</li>\r\n	<li>Separation</li>\r\n	<li>Timing</li>\r\n	<li>And More</li>\r\n</ul>\r\n', 1, 0, '2021-12-21 15:06:56', '2021-12-21 15:06:56', NULL),
(10, 3, 1, '<p>Our staff is second to none! All of our instructors not only have playing experience at the highest levels, but also have the knowledge and background to use the advanced technology at BB Sports. We take our vast experience and pair it with our state of the art facility to give you the best training in Northern Colorado.</p>\r\n', 1, 0, '2021-12-21 15:16:39', '2021-12-21 15:19:36', NULL),
(11, 4, 1, '<p>Our top of the line program!!! This is our pride and joy program that is built from programs like the New York Yankees, Toronto Blue Jays, Los Angeles Dodgers, Washington Nationals, Colorado Rockies, Miami Marlins, and more.</p>\r\n\r\n<p>We use technology such as hittrax, rapsodo, diamond kinetics, and more. Included is a full Athletic Performance Evaluation testing mobility, strength, and sports specific skills.</p>\r\n\r\n<p>Train like the Professionals!!!</p>\r\n', 1, 0, '2021-12-21 16:03:45', '2021-12-21 16:06:12', NULL),
(12, 4, 2, '<p>Train in a 1 on 1 or 2 on 1 setting. We offer hitting, pitching, fielding, catching, speed and agility, and strength training.</p>\r\n\r\n<p>All of our instructors and trainers have a background in baseball and softball and played at the collegiate and/or pro level. We use technology such as hittrax, rapsodo, diamond kinetics, and more.</p>\r\n', 1, 0, '2021-12-21 16:14:56', '2021-12-21 16:14:56', NULL),
(13, 4, 3, '<p>Can&rsquo;t make it into the facility? No problem!</p>\r\n\r\n<p>We have online lessons at the palm of your hand. Our head instructor has been doing video analysis for youth, high school, college, and pro athletes for the last 5 years with over 5000 hours of video analysis work.</p>\r\n\r\n<p>He has been working with brand new and veteran athletes at BB Sports for 3 years developing some of the best drill progressions. These drill progressions are designed to fix any flaws in the quickest and most efficient ways</p>\r\n', 1, 0, '2021-12-21 16:16:28', '2021-12-21 16:16:28', NULL),
(14, 4, 4, '<p>Recruiting Services</p>\r\n\r\n<p>Get access to the knowledge and resources needed to get recruited!!</p>\r\n\r\n<p>We build recruiting videos, give you email templates, add you to our Player Portal, and talk you through the process of sending videos and information.</p>\r\n\r\n<p>Don&rsquo;t miss out on getting recruited by not being proactive or not knowing where to start. Let us help!!</p>\r\n', 1, 0, '2021-12-21 16:18:25', '2021-12-21 16:18:25', NULL),
(15, 5, 1, '<p>This is our top of the line training program for serious athletes that are looking to play college and pro ball!</p>\r\n\r\n<p>This is our highly advanced training program that focuses on the skills, biomechanics, and mobility/strength needed to preform at the highest level!</p>\r\n\r\n<p>Must be willing to commit to a weekly commitment at a determined time that best fits instructors and athletes/family.</p>\r\n', 1, 0, '2021-12-21 16:43:21', '2021-12-21 16:43:21', NULL),
(16, 5, 2, '<h2>Hitting</h2>\r\n\r\n<h3>Increase&hellip;</h3>\r\n\r\n<ul>\r\n	<li>Exit Velocity</li>\r\n	<li>Bat Speed</li>\r\n	<li>Distance</li>\r\n	<li>Biomechanics(Bat Path, Hand Path, Spine Stability, etc.)</li>\r\n	<li>Consistency</li>\r\n	<li>Pitch Recognition</li>\r\n</ul>\r\n', 1, 0, '2021-12-21 17:40:19', '2021-12-21 17:52:55', NULL),
(22, 5, 3, '<h2>Fielding</h2>\r\n\r\n<h3>Increase&hellip;</h3>\r\n\r\n<ul>\r\n	<li>Footwork</li>\r\n	<li>Glove Work</li>\r\n	<li>Glove Work</li>\r\n	<li>Awareness</li>\r\n	<li>Bad Hop Reactions</li>\r\n	<li>Pre Pitch Planning</li>\r\n</ul>\r\n', 1, 0, '2021-12-21 18:01:39', '2021-12-21 18:01:39', NULL),
(23, 5, 4, '<h2>Velocity and Pitching</h2>\r\n\r\n<h3>Increase&hellip;</h3>\r\n\r\n<ul>\r\n	<li>Throwing Velocity</li>\r\n	<li>Spin</li>\r\n	<li>Leg Drive</li>\r\n	<li>Biomechanics(arm action, hand position, shoulder alignment, hip rotation, etc.)</li>\r\n	<li>Control</li>\r\n	<li>Offspeed</li>\r\n</ul>\r\n', 1, 0, '2021-12-21 18:02:55', '2021-12-21 18:02:55', NULL),
(24, 5, 5, '<h2>Strength, Speed, and Power</h2>\r\n\r\n<h2>Increase&hellip;</h2>\r\n\r\n<ul>\r\n	<li>\r\n	<p>Mobility</p>\r\n	</li>\r\n	<li>Strength</li>\r\n	<li>Speed</li>\r\n	<li>Agility</li>\r\n	<li>Explosion</li>\r\n	<li>Power in Multiple Planes</li>\r\n	<li>Body Awareness</li>\r\n</ul>\r\n', 1, 0, '2021-12-21 18:04:22', '2021-12-21 18:04:22', NULL),
(25, 5, 6, '<h2>Youth Athleticism</h2>\r\n\r\n<h3>Increase&hellip;</h3>\r\n\r\n<ul>\r\n	<li>Hand Eye Coordination</li>\r\n	<li>Motor Skills</li>\r\n	<li>Strength</li>\r\n	<li>Agility</li>\r\n	<li>Speed</li>\r\n	<li>Acceleration</li>\r\n</ul>\r\n', 1, 0, '2021-12-21 18:05:31', '2021-12-21 18:05:31', NULL),
(26, 5, 7, '<p>We are looking for committed athletes that are wanting to elevate their game to that next Peak Top and continue their passion for the game.</p>\r\n\r\n<p>We have you fill out a form that gives us the best days and times to fit your schedule and our schedule! We have groups running almost everyday!!</p>\r\n', 1, 0, '2021-12-21 18:05:57', '2021-12-21 18:05:57', NULL),
(27, 6, 1, '<p>Forget the cookie cutter programs!!! At BB Sports we do everything custom to each athlete!!</p>\r\n\r\n<p>Full Athletic Performance Evaluations are done for each one of our athletes!! We test mobility, strength, and sports specific skills to design the perfect progression that is custom to each athlete!!</p>\r\n\r\n<p>We use the most advanced technology available to track numerous metrics. Hittrax, Rapsodo, 4D motion, Pocket Radar, Strength Sensors, etc. are all used to get the most accurate numbers possible to track and design programs</p>\r\n\r\n<p>Hitting, Pitching, Velocity, Fielding, Catching, Strength, and Speed/Agility are all offered and run by instructors with college or pro experience!</p>\r\n', 1, 0, '2021-12-21 18:29:41', '2021-12-21 18:29:41', NULL),
(28, 6, 2, '<h2>Hitting</h2>\r\n\r\n<h3>Increase</h3>\r\n\r\n<ul>\r\n	<li>Exit Velocity</li>\r\n	<li>Bat Speed</li>\r\n	<li>Bat Speed</li>\r\n	<li>Biomechanics(Bat Path, Hand Path, Spine Stability, etc.)</li>\r\n	<li>Consistency</li>\r\n	<li>Pitch Recognition</li>\r\n	<li>And More</li>\r\n</ul>\r\n\r\n<h2>Fielding</h2>\r\n\r\n<h3>Increase</h3>\r\n\r\n<ul>\r\n	<li>Fielding Percentage</li>\r\n	<li>Rhythm</li>\r\n	<li>Footwork</li>\r\n	<li>Glove work</li>\r\n	<li>Bad Hop Reactions</li>\r\n	<li>Bad Hop Reactions</li>\r\n	<li>And More</li>\r\n</ul>\r\n\r\n<h2>Strength/Mobility Speed/Explosion</h2>\r\n\r\n<h3>Increase</h3>\r\n\r\n<ul>\r\n	<li>Mobility</li>\r\n	<li>Strength</li>\r\n	<li>Speed</li>\r\n	<li>Agility</li>\r\n	<li>Explosion</li>\r\n	<li>Power in Multiple Planes</li>\r\n	<li>Body Awareness</li>\r\n	<li>&nbsp;</li>\r\n</ul>\r\n', 1, 0, '2021-12-21 18:34:17', '2021-12-21 18:34:17', NULL),
(29, 6, 3, '<h2>Pitching/Velocity</h2>\r\n\r\n<h3>Increase</h3>\r\n\r\n<ul>\r\n	<li>Throwing Velocity</li>\r\n	<li>Spin</li>\r\n	<li>Leg Drive</li>\r\n	<li>Biomechanics(arm action, hand position, shoulder alignment, hip rotation, etc.)</li>\r\n	<li>Control</li>\r\n	<li>Offspeed</li>\r\n	<li>And More</li>\r\n</ul>\r\n\r\n<h2>Pitching/Velocity</h2>\r\n\r\n<h3>Increase</h3>\r\n\r\n<ul>\r\n	<li>Blocking</li>\r\n	<li>Framing</li>\r\n	<li>Footwork</li>\r\n	<li>Foot Speed</li>\r\n	<li>Pop Times</li>\r\n	<li>Transfer Times</li>\r\n	<li>And More</li>\r\n</ul>\r\n', 1, 0, '2021-12-21 18:36:59', '2021-12-21 18:36:59', NULL),
(30, 7, 1, '<p>Our head instructor Shea Bell has done over 5000 hours of coaching and video analysis. He works with 10+ pro athletes, 20+ college athletes, and numerous high school and college athletes. Including players such as Chad Bell(3B, Yankees), JD Hammer(P, Phillies), Aaron Ochsenbein(P, Dodgers), Shane Matheny(IF, Giants), Ben Newton(C, ECU), and so many more</p>\r\n', 1, 0, '2021-12-21 18:52:21', '2021-12-21 18:52:21', NULL),
(31, 7, 2, '<h3>1) Skills and Mobility Analysis</h3>\r\n\r\n<p>Every client starts their first lesson with sending us 1 thing for breakdown and analysis</p>\r\n\r\n<p>Hitting or Pitching Video</p>\r\n\r\n<p> &lt;i class=&quot;fa fa-futbol-o&quot; aria-hidden=&quot;true&quot;&gt;&lt;/i&gt; Side view is the best for optimal analysis</p>\r\n', 1, 0, '2021-12-21 18:55:48', '2021-12-22 00:00:16', NULL),
(32, 7, 3, '<h3>2) Easy Video Upload with APEX by Upper Hand</h3>\r\n\r\n<p>Upload your videos all within APEX just by creating an account or having us create it for you.</p>\r\n\r\n<p>You submit your video and within 48 hours you have a breakdown, analysis, and lesson plan</p>\r\n', 1, 0, '2021-12-21 18:56:37', '2021-12-21 18:56:37', NULL),
(33, 7, 4, '<h3>3)Top of the Line Evaluations</h3>\r\n\r\n<p>Our evaluations are always extremely in depth. I take the time to look at multiple angles(if provided) to find the most alarming issues.</p>\r\n\r\n<p> &lt;i class=&quot;fa fa-futbol-o&quot; aria-hidden=&quot;true&quot;&gt;&lt;/i&gt; Hitting or Pitching Video &lt;br /&gt;Side view is the best for optimal analysis</p>\r\n', 1, 0, '2021-12-21 18:58:43', '2021-12-22 00:01:00', NULL),
(34, 7, 5, '<h3>4) Lesson Plans</h3>\r\n\r\n<p>Our lessons are custom to each clients&hellip;we take the same process every time to find out why we are struggling and how to get better</p>\r\n\r\n<p>&lt;i class=&quot;fa fa-futbol-o&quot; aria-hidden=&quot;true&quot;&gt;&lt;/i&gt;Send in your video</p>\r\n\r\n<p>&lt;i class=&quot;fa fa-futbol-o&quot; aria-hidden=&quot;true&quot;&gt;&lt;/i&gt;We analyze your swing or throwing motion</p>\r\n\r\n<p>&lt;i class=&quot;fa fa-futbol-o&quot; aria-hidden=&quot;true&quot;&gt;&lt;/i&gt;Voiceover analysis explaining what we see</p>\r\n\r\n<p>&lt;i class=&quot;fa fa-futbol-o&quot; aria-hidden=&quot;true&quot;&gt;&lt;/i&gt;We send list of drills with videos examples and how to fix</p>\r\n\r\n<p>&lt;i class=&quot;fa fa-futbol-o&quot; aria-hidden=&quot;true&quot;&gt;&lt;/i&gt;Message us if you have questions on the drills we sent</p>\r\n', 1, 0, '2021-12-21 19:03:27', '2021-12-21 19:03:27', NULL),
(35, 7, 6, '<h3>5) Multiple Ways to Pay</h3>\r\n\r\n<p>Our 3 packages allow you to train at your pace. Find out what your doing wrong or stay consistent with</p>\r\n\r\n<p>multiple lessons&hellip;as low as $21 per lesson</p>\r\n\r\n<p>&lt;i class=&quot;fa fa-futbol-o&quot; aria-hidden=&quot;true&quot;&gt;&lt;/i&gt;1 Lesson=$30</p>\r\n\r\n<p>&lt;i class=&quot;fa fa-futbol-o&quot; aria-hidden=&quot;true&quot;&gt;&lt;/i&gt;4 Lessons=$100</p>\r\n\r\n<p>&lt;i class=&quot;fa fa-futbol-o&quot; aria-hidden=&quot;true&quot;&gt;&lt;/i&gt;8 Lessons=$175</p>\r\n', 1, 0, '2021-12-21 19:04:57', '2021-12-21 19:04:57', NULL),
(36, 8, 1, '<p>Our youth teams the Colorado Yetis(Baseball) and Colorado Power(Softball) are some of the top programs in Northern Colorado.</p>\r\n\r\n<p>We give the kids the basic fundamentals and athleticism to play any sport as far as they would like</p>\r\n', 1, 0, '2021-12-21 19:36:30', '2021-12-21 19:36:30', NULL),
(37, 8, 2, '<ul>\r\n	<li>Develop individual skills that will help each player have success at every level</li>\r\n	<li>To learn game knowledge and situations taught at the professional level</li>\r\n	<li>To create athleticism and hand eye coordination that will help with all sports</li>\r\n	<li>To develop a passion for this great game and experience life lessons and experiences with your friends and BB Sports family</li>\r\n	<li>And overall to develop young men that will have success in life whether it is on the field or in life</li>\r\n</ul>\r\n', 1, 0, '2021-12-21 19:38:26', '2021-12-21 19:38:26', NULL),
(39, 8, 4, '<ul>\r\n	<li>Lessons and Training Included in Team Fees</li>\r\n	<li>State of the Art Facility</li>\r\n	<li>Lessons from Pro and College Coaches</li>\r\n	<li>Top of the line gear and jerseys</li>\r\n	<li>15% off Marucci/Victus/Old Hickory Items</li>\r\n	<li>15% off all BB Sports additional Memberships, Lessons, and Apparel</li>\r\n</ul>\r\n', 1, 0, '2021-12-21 19:42:29', '2021-12-21 19:42:29', NULL),
(40, 8, 3, '<ul>\r\n	<li>&lt;span class=&quot;b-art-points-icon&quot;&gt; &lt;i class=&quot;fas fa-dot-circle&quot;&gt;&lt;/i&gt;&lt;/span&gt; &lt;span&gt;Hittrax&lt;/span&gt;</li>\r\n	<li>&lt;span class=&quot;b-art-points-icon&quot;&gt; &lt;i class=&quot;fas fa-dot-circle&quot;&gt;&lt;/i&gt;&lt;/span&gt; &lt;span&gt;Rapsodo&lt;/span&gt;</li>\r\n	<li>&lt;span class=&quot;b-art-points-icon&quot;&gt; &lt;i class=&quot;fas fa-dot-circle&quot;&gt;&lt;/i&gt;&lt;/span&gt; &lt;span&gt;4D Motion&lt;/span&gt;</li>\r\n	<li>&lt;span class=&quot;b-art-points-icon&quot;&gt; &lt;i class=&quot;fas fa-dot-circle&quot;&gt;&lt;/i&gt;&lt;/span&gt; &lt;span&gt;Diamond Kinetics&lt;/span&gt;</li>\r\n	<li>&lt;span class=&quot;b-art-points-icon&quot;&gt; &lt;i class=&quot;fas fa-dot-circle&quot;&gt;&lt;/i&gt;&lt;/span&gt; &lt;span&gt;Stalker Radar Guns&lt;/span&gt;</li>\r\n	<li>&lt;span class=&quot;b-art-points-icon&quot;&gt; &lt;i class=&quot;fas fa-dot-circle&quot;&gt;&lt;/i&gt;&lt;/span&gt; &lt;span&gt;Full Lifting Gym&lt;/span&gt;</li>\r\n	<li>&lt;span class=&quot;b-art-points-icon&quot;&gt; &lt;i class=&quot;fas fa-dot-circle&quot;&gt;&lt;/i&gt;&lt;/span&gt; &lt;span&gt;Access Whenever&lt;/span&gt;</li>\r\n</ul>\r\n', 1, 0, '2021-12-21 19:44:52', '2021-12-21 19:44:52', NULL),
(41, 9, 1, '<p>BB Elite is a college showcase and prep team for high school level baseball and softball athletes.</p>\r\n\r\n<p>This is not your typical travel ball team. We run our teams exactly like a college program in order to prepare them for the next level</p>\r\n\r\n<p>This is not your typical travel ball team. We run our teams exactly like a college program in order to prepare them for the next level</p>\r\n', 1, 0, '2021-12-21 19:50:53', '2021-12-21 19:50:53', NULL),
(43, 9, 2, '<h3>Our Goals</h3><ul>\r\n	<li>Develop individual skills that will help each player have success at every level</li>\r\n	<li>To get college exposure and experience playing some of the best talent in the country</li>\r\n	<li>To learn game knowledge and situations taught at the professional level</li>\r\n	<li>To experience the country, colleges, and baseball all around the country to get a feel for where you want to play college ball</li>\r\n	<li>To develop a passion for this great game and experience life lessons and experiences with your friends and BB Sports family</li>\r\n	<li>And overall to develop young men that will have success in life whether it is on the field or in life<br />\r\n	&nbsp;</li>\r\n</ul>\r\n', 1, 0, '2021-12-21 20:02:59', '2021-12-22 01:05:58', NULL),
(44, 9, 3, '<ul>\r\n	<li>Play at places like Vanderbilt University, Kansas State University, Wichita State University, University of Dallas, University of Louisiana Monroe, and more</li>\r\n	<li>Lessons and Training Included in Team Fees</li>\r\n	<li>State of the Art Facility</li>\r\n	<li>Pro and College Coaches</li>\r\n	<li>Recruiting Help and Guidance</li>\r\n	<li>15% off Marucci/Victus/Old Hickory Items</li>\r\n	<li>15% off all BB Sports additional Memberships, Lessons, and Apparel</li>\r\n</ul>\r\n', 1, 0, '2021-12-21 20:04:33', '2021-12-21 20:04:33', NULL),
(45, 9, 4, '<h3>Our State of the Art Facility</h3>\r\n\r\n<ul>\r\n	<li>Hittrax</li>\r\n	<li>Rapsodo</li>\r\n	<li>4D Motion</li>\r\n	<li>Diamond Kinetics</li>\r\n	<li>Stalker Radar Guns</li>\r\n	<li>Full Lifting Gym</li>\r\n	<li>Access Whenever</li>\r\n</ul>\r\n', 1, 0, '2021-12-21 20:07:31', '2021-12-21 20:07:31', NULL),
(46, 10, 1, '<p>Our youth teams the Colorado Yetis(Baseball) and Colorado Power(Softball) are some of the top programs in Northern Colorado.</p>\r\n\r\n<p>We believe in training sessions both on the field, in the cage/bullpen, and in the gym in order to give the kids the basic fundamentals, knowledge and athleticism to play any sport as far as they would like</p>\r\n', 1, 0, '2021-12-21 20:35:48', '2021-12-21 20:35:48', NULL),
(47, 10, 2, '<h3>Our Goals</h3>\r\n\r\n<ul>\r\n	<li>Develop individual skills that will help each player have success at every level</li>\r\n	<li>To learn game knowledge and situations taught at the professional level</li>\r\n	<li>To create athleticism and hand eye coordination that will help with all sports</li>\r\n	<li>To experience the country, colleges, and baseball all around the country to get a feel for where you want to play college ball</li>\r\n	<li>To develop a passion for this great game and experience life lessons and experiences with your friends and BB Sports family</li>\r\n	<li>And overall to develop young men and woman that value skills/attributes such as respect, hard work, passion, confidence, accountability, and morality that will help them in all aspects of life</li>\r\n</ul>\r\n', 1, 0, '2021-12-21 20:37:28', '2021-12-21 20:37:28', NULL),
(48, 10, 3, '<ul>\r\n	<li>Lessons and Training Included in Team Fees</li>\r\n	<li>State of the Art Facility</li>\r\n	<li>Lessons from Pro and College Coaches</li>\r\n	<li>Top of the line gear and jerseys</li>\r\n	<li>Recruiting Help and Guidance</li>\r\n	<li>15% off Marucci/Victus/Old Hickory Items</li>\r\n	<li>15% off all BB Sports additional Memberships, Lessons, and Apparel</li>\r\n</ul>\r\n', 1, 0, '2021-12-21 20:38:57', '2021-12-21 20:38:57', NULL),
(49, 10, 4, '<h3>Our State of the Art Facility</h3>\r\n\r\n<ul>\r\n	<li>Hittrax</li>\r\n	<li>Rapsodo</li>\r\n	<li>4D Motion</li>\r\n	<li>Diamond Kinetics</li>\r\n	<li>Stalker Radar Guns</li>\r\n	<li>Full Lifting Gym</li>\r\n	<li>Access Whenever</li>\r\n</ul>\r\n', 1, 0, '2021-12-21 21:02:12', '2021-12-21 21:02:12', NULL);

-- --------------------------------------------------------

--
-- Table structure for table `config`
--

CREATE TABLE `config` (
  `id` int(10) UNSIGNED NOT NULL,
  `user_id` int(11) DEFAULT NULL,
  `type` varchar(255) COLLATE utf8mb4_unicode_ci NOT NULL,
  `value` varchar(255) COLLATE utf8mb4_unicode_ci NOT NULL,
  `view` varchar(255) COLLATE utf8mb4_unicode_ci NOT NULL,
  `is_active` tinyint(4) NOT NULL DEFAULT 1,
  `is_deleted` tinyint(4) NOT NULL DEFAULT 0,
  `created_at` timestamp NOT NULL DEFAULT current_timestamp(),
  `updated_at` timestamp NOT NULL DEFAULT current_timestamp() ON UPDATE current_timestamp(),
  `deleted_at` timestamp NULL DEFAULT NULL
) ENGINE=InnoDB DEFAULT CHARSET=utf8mb4 COLLATE=utf8mb4_unicode_ci;

--
-- Dumping data for table `config`
--

INSERT INTO `config` (`id`, `user_id`, `type`, `value`, `view`, `is_active`, `is_deleted`, `created_at`, `updated_at`, `deleted_at`) VALUES
(1, NULL, 'contactnumber', '15109012139', 'Contact Number', 1, 0, '2021-12-15 19:46:18', '2021-12-15 19:46:18', NULL),
(2, NULL, 'emailaddress', 'info@nexaforex.com', 'Email Address', 1, 0, '2021-12-15 19:46:18', '2021-12-15 19:46:18', NULL),
(3, NULL, 'address', 'Abc Road', 'Address', 1, 0, '2021-12-15 19:46:18', '2021-12-15 19:46:18', NULL),
(4, NULL, 'facebooklink', 'https://facebook.com', 'Facebook Linking', 1, 0, '2021-12-15 19:46:18', '2021-12-15 19:02:50', NULL),
(5, NULL, 'instagramlink', 'https://instagram.com', 'Instagram Linking', 1, 0, '2021-12-15 19:46:18', '2021-12-15 19:46:18', NULL),
(6, NULL, 'twitterlink', 'https://twitter.com', 'Twitter Linking', 1, 0, '2021-12-15 19:46:18', '2021-12-15 19:46:18', NULL),
(7, NULL, 'linkedinlink', 'https://www.linkedin.com', 'Linkedin Linking', 1, 0, '2021-12-15 19:46:18', '2021-12-15 19:46:18', NULL),
(8, NULL, 'telegramchannel', 'https://t.me/+jjgNrjqexAZhMzYx', 'Telegram Channel', 1, 0, '2021-12-15 19:46:18', '2021-12-15 19:46:18', NULL);

-- --------------------------------------------------------

--
-- Table structure for table `contact`
--

CREATE TABLE `contact` (
  `id` int(11) NOT NULL,
  `section` int(11) NOT NULL,
  `title` varchar(255) NOT NULL,
  `address` varchar(255) NOT NULL,
  `contact` varchar(255) NOT NULL,
  `email` varchar(255) NOT NULL,
  `map` text NOT NULL,
  `is_active` tinyint(4) NOT NULL DEFAULT 1,
  `is_deleted` tinyint(4) NOT NULL DEFAULT 0,
  `created_at` timestamp NOT NULL DEFAULT current_timestamp(),
  `updated_at` timestamp NOT NULL DEFAULT current_timestamp() ON UPDATE current_timestamp(),
  `deleted_at` timestamp NULL DEFAULT NULL
) ENGINE=InnoDB DEFAULT CHARSET=utf8mb4;

--
-- Dumping data for table `contact`
--

INSERT INTO `contact` (`id`, `section`, `title`, `address`, `contact`, `email`, `map`, `is_active`, `is_deleted`, `created_at`, `updated_at`, `deleted_at`) VALUES
(3, 1, 'BB Sports Big Facility', '321 Hickory St Suite 110 Fort Collins, CO 80524', '(970) 214-1760', 'bbsports100@gmail.com', 'https://www.google.com/maps/embed?pb=!1m14!1m8!1m3!1d24233.61660240368!2d-105.082742!3d40.603365!3m2!1i1024!2i768!4f13.1!3m3!1m2!1s0x0%3A0x91f934979771c4e6!2sBB%20Sports!5e0!3m2!1sen!2sus!4v1639182070531!5m2!1sen!2sus', 1, 0, '2021-12-22 17:50:54', '2021-12-22 17:50:54', NULL),
(4, 2, 'BB Sports Overflow Facility', '1225 Red Cedar Circle Unit G Fort Collins, CO 80524', '', '', 'https://www.google.com/maps/embed?pb=!1m14!1m8!1m3!1d24233.61660240368!2d-105.082742!3d40.603365!3m2!1i1024!2i768!4f13.1!3m3!1m2!1s0x0%3A0x91f934979771c4e6!2sBB%20Sports!5e0!3m2!1sen!2sus!4v1639182070531!5m2!1sen!2sus', 1, 0, '2021-12-22 17:51:30', '2021-12-22 17:51:30', NULL);

-- --------------------------------------------------------

--
-- Table structure for table `crud`
--

CREATE TABLE `crud` (
  `id` bigint(20) UNSIGNED NOT NULL,
  `user_id` varchar(255) COLLATE utf8mb4_unicode_ci NOT NULL,
  `name` varchar(255) COLLATE utf8mb4_unicode_ci NOT NULL,
  `slug` varchar(255) COLLATE utf8mb4_unicode_ci NOT NULL,
  `created_at` timestamp NULL DEFAULT NULL,
  `updated_at` timestamp NULL DEFAULT NULL
) ENGINE=InnoDB DEFAULT CHARSET=utf8mb4 COLLATE=utf8mb4_unicode_ci;

-- --------------------------------------------------------

--
-- Table structure for table `failed_jobs`
--

CREATE TABLE `failed_jobs` (
  `id` bigint(20) UNSIGNED NOT NULL,
  `uuid` varchar(255) COLLATE utf8mb4_unicode_ci NOT NULL,
  `connection` text COLLATE utf8mb4_unicode_ci NOT NULL,
  `queue` text COLLATE utf8mb4_unicode_ci NOT NULL,
  `payload` longtext COLLATE utf8mb4_unicode_ci NOT NULL,
  `exception` longtext COLLATE utf8mb4_unicode_ci NOT NULL,
  `failed_at` timestamp NOT NULL DEFAULT current_timestamp()
) ENGINE=InnoDB DEFAULT CHARSET=utf8mb4 COLLATE=utf8mb4_unicode_ci;

-- --------------------------------------------------------

--
-- Table structure for table `faqs`
--

CREATE TABLE `faqs` (
  `id` int(10) UNSIGNED NOT NULL,
  `name` varchar(255) COLLATE utf8mb4_unicode_ci DEFAULT NULL,
  `desc` text COLLATE utf8mb4_unicode_ci DEFAULT NULL,
  `star` int(11) DEFAULT NULL,
  `is_active` tinyint(4) NOT NULL DEFAULT 1,
  `is_deleted` tinyint(4) NOT NULL DEFAULT 0,
  `created_at` timestamp NOT NULL DEFAULT current_timestamp(),
  `updated_at` timestamp NOT NULL DEFAULT current_timestamp() ON UPDATE current_timestamp(),
  `deleted_at` timestamp NULL DEFAULT NULL
) ENGINE=InnoDB DEFAULT CHARSET=utf8mb4 COLLATE=utf8mb4_unicode_ci;

--
-- Dumping data for table `faqs`
--

INSERT INTO `faqs` (`id`, `name`, `desc`, `star`, `is_active`, `is_deleted`, `created_at`, `updated_at`, `deleted_at`) VALUES
(1, '', '<ol>\r\n	<li><strong>What is Nexa Forex Trading?</strong></li>\r\n</ol>\r\n\r\n<p>Nexa Forex Trading is a trading information hub that focuses on providing traders with high-quality market research, in-depth insights, and live market updates 24/7. Our experts have holistic experience in commodities, trade, indices, and other currencies. We also provide Forex Signals that teach you about market outlook in addition to these asset classes.</p>\r\n\r\n<p>&nbsp;</p>\r\n\r\n<ol>\r\n	<li><strong>How does forex trading work?</strong></li>\r\n</ol>\r\n\r\n<p>Trading forex is similar to buying one currency and selling another at the same time. If the currency you have bought increases in value against the money you have sold, you make a profit; if not, you make a loss.</p>\r\n\r\n<p>&nbsp;</p>\r\n\r\n<ol>\r\n	<li><strong>How can I manage my risk in forex trading?</strong></li>\r\n</ol>\r\n\r\n<p>There are considerable benefits in trading, but the chance of loss is always evident because it is advisable to take risks in forex trading. After all, you never know when the following number is going to be yours. Every business has benefits and drawbacks, and forex trading is no exception. Nonetheless, there are numerous ways to manage your currency risk. You can, for example, attach stops and minimise to your current position. As a result, individuals should adopt a trading style that corresponds to their mindset and accept the risk.</p>\r\n\r\n<p>&nbsp;</p>\r\n\r\n<ol>\r\n	<li><strong>Do I need any specific educational background or forex trading experience to utilise FX Leaders&rsquo; trading education and become a winning forex trader?</strong></li>\r\n</ol>\r\n\r\n<p>No, you don&#39;t need any fancy degree to learn about FX trading. With Nexa Forex Trading&#39;s service, you can take full advantage of the forex trading wealth and learn about trading. The secret of forex trading is that the sooner you begin, the more successful and wealthy you will become. Even if you&#39;ve never traded forex before, we can teach you everything you need to know to get started in this exciting market.</p>\r\n\r\n<p>&nbsp;</p>\r\n\r\n<ol>\r\n	<li><strong>What are Nexa Forex Signals?</strong></li>\r\n</ol>\r\n\r\n<p>Nexa Forex Trading is a team of highly qualified traders and market researchers. Our experts are constantly scouring the forex, commodities, and other markets for the best opportunities for you.</p>\r\n\r\n<p>&nbsp;</p>\r\n\r\n<ol>\r\n	<li><strong>How can I effectively manage the risks associated with forex trading?</strong></li>\r\n</ol>\r\n\r\n<p>Empowering yourself with actual forex trading knowledge is one of the most powerful strategies to handle the risks concerned with forex trading. If you&#39;re thinking along with these ideas, you&#39;re on the right track. The Nexa Forex Trading handbook is jam-packed with helpful information about forex trading and investing. Money management, suggestions, trading techniques, market analysis, and much more are all covered.</p>\r\n\r\n<p>&nbsp;</p>\r\n\r\n<p><strong>Disclaimer</strong></p>\r\n\r\n<p>Forex, cryptocurrency, indices, and commodity trading carry a high level of risk and are not appropriate for all traders. The high level of leverage can work in traders&#39; favour as well as against them. When investing in forex, crypto, stocks, or commodities, think about your goals, prior experience, and risk tolerance. Because trading might result in a loss of investment, you should not make an investment you simply can not afford.</p>\r\n', NULL, 1, 0, '2021-12-06 19:59:51', '2021-12-16 11:21:45', NULL),
(2, 'test', '<p>tset</p>\r\n', NULL, 0, 1, '2021-12-08 18:43:30', '2021-12-08 18:43:32', NULL);

-- --------------------------------------------------------

--
-- Table structure for table `images`
--

CREATE TABLE `images` (
  `id` int(11) NOT NULL,
  `category_id` int(11) NOT NULL,
  `product_id` int(11) NOT NULL,
  `image` varchar(255) NOT NULL,
  `is_active` tinyint(4) NOT NULL DEFAULT 1,
  `is_deleted` tinyint(4) NOT NULL DEFAULT 0,
  `created_at` timestamp NOT NULL DEFAULT current_timestamp(),
  `updated_at` timestamp NOT NULL DEFAULT current_timestamp() ON UPDATE current_timestamp(),
  `deleted_at` timestamp NULL DEFAULT NULL
) ENGINE=InnoDB DEFAULT CHARSET=utf8mb4;

-- --------------------------------------------------------

--
-- Table structure for table `inquiry`
--

CREATE TABLE `inquiry` (
  `id` bigint(20) UNSIGNED NOT NULL,
  `user_id` varchar(255) COLLATE utf8mb4_unicode_ci NOT NULL,
  `name` varchar(255) COLLATE utf8mb4_unicode_ci NOT NULL,
  `email` varchar(255) COLLATE utf8mb4_unicode_ci NOT NULL,
  `contactnumber` varchar(255) COLLATE utf8mb4_unicode_ci NOT NULL,
  `message` text COLLATE utf8mb4_unicode_ci NOT NULL,
  `is_active` int(11) NOT NULL DEFAULT 1,
  `is_deleted` int(11) NOT NULL DEFAULT 0,
  `created_at` timestamp NULL DEFAULT NULL,
  `updated_at` timestamp NULL DEFAULT NULL
) ENGINE=InnoDB DEFAULT CHARSET=utf8mb4 COLLATE=utf8mb4_unicode_ci;

--
-- Dumping data for table `inquiry`
--

INSERT INTO `inquiry` (`id`, `user_id`, `name`, `email`, `contactnumber`, `message`, `is_active`, `is_deleted`, `created_at`, `updated_at`) VALUES
(1, '1', '', '', '', '', 1, 0, '2021-12-15 19:50:23', '2021-12-15 19:50:23'),
(2, '0', '', '', '', '', 1, 0, '2021-12-15 19:51:05', '2021-12-15 19:51:05');

-- --------------------------------------------------------

--
-- Table structure for table `instructor`
--

CREATE TABLE `instructor` (
  `id` int(11) NOT NULL,
  `name` varchar(255) NOT NULL,
  `desc` text NOT NULL,
  `image` text NOT NULL,
  `is_active` tinyint(4) NOT NULL DEFAULT 1,
  `is_deleted` tinyint(4) NOT NULL DEFAULT 0,
  `created_at` timestamp NOT NULL DEFAULT current_timestamp(),
  `updated_at` timestamp NOT NULL DEFAULT current_timestamp() ON UPDATE current_timestamp(),
  `deleted_at` timestamp NULL DEFAULT NULL
) ENGINE=InnoDB DEFAULT CHARSET=utf8mb4;

--
-- Dumping data for table `instructor`
--

INSERT INTO `instructor` (`id`, `name`, `desc`, `image`, `is_active`, `is_deleted`, `created_at`, `updated_at`, `deleted_at`) VALUES
(3, 'GAGE O\'NEIL', '<p>Director of Strength and Conditioning</p>\r\n', 'uploads/gel_1641246858.jpg', 1, 0, '2021-12-20 18:56:50', '2022-01-03 16:54:18', NULL),
(4, 'CHAD BELL', '<p>Hitting and Fielding Instructor<br />\r\nStrength and Conditioning</p>\r\n', 'uploads/chad-bell-yankees_1641246898.jpeg', 1, 0, '2021-12-20 18:58:11', '2022-01-03 16:54:58', NULL),
(5, 'AARON OCHSENBEIN', '<p>Baseball Pitching Instructor</p>\r\n', 'uploads/Aaron-Ochsenbein-Instructor_1641246936.jpg', 1, 0, '2022-01-03 16:55:36', '2022-01-03 16:55:36', NULL),
(6, 'CHRIS MOHR', '<p>Baseball Pitching Instructor</p>\r\n', 'uploads/Chris-Mohr_1641247011.jpg', 1, 0, '2022-01-03 16:56:51', '2022-01-03 16:56:51', NULL),
(7, 'ANDY BURNS', '<p>Hitting and Fielding Instructor<br />\r\nStrength and Conditioning</p>\r\n', 'uploads/usa-today_1641247051.jpg', 1, 0, '2022-01-03 16:57:31', '2022-01-03 16:57:31', NULL),
(8, 'LOGAN MOORE', '<p>Hitting, Fielding, and Catching Instructor</p>\r\n', 'uploads/MiLB_1641247092.jpeg', 1, 0, '2022-01-03 16:58:12', '2022-01-03 16:58:12', NULL),
(9, 'MIKE FORSYTHE', '<p>Softball Pitching Instructor</p>\r\n', 'uploads/mike_1641247119.jpg', 1, 0, '2022-01-03 16:58:39', '2022-01-03 16:58:39', NULL),
(10, 'Ross', '<p>Director of Strength and Conditioning</p>\r\n', 'uploads/family-slide-img6_1641418450.png', 1, 0, '2022-01-05 16:34:10', '2022-01-05 16:34:10', NULL);

-- --------------------------------------------------------

--
-- Table structure for table `leave_application`
--

CREATE TABLE `leave_application` (
  `id` int(10) UNSIGNED NOT NULL,
  `project_id` int(11) NOT NULL,
  `code` varchar(255) COLLATE utf8mb4_unicode_ci NOT NULL,
  `emp_id` int(11) NOT NULL,
  `tl_id` int(11) NOT NULL,
  `department` int(11) NOT NULL,
  `designation` int(11) NOT NULL,
  `title` varchar(255) COLLATE utf8mb4_unicode_ci NOT NULL,
  `leave_type` int(11) NOT NULL,
  `start_date` datetime NOT NULL,
  `end_date` datetime NOT NULL,
  `reason` text COLLATE utf8mb4_unicode_ci NOT NULL,
  `day` varchar(255) COLLATE utf8mb4_unicode_ci NOT NULL,
  `status` int(11) NOT NULL DEFAULT 1 COMMENT '1:Pending,2:Approved,3:Rejected',
  `is_active` tinyint(4) NOT NULL DEFAULT 1,
  `is_deleted` tinyint(4) NOT NULL DEFAULT 0,
  `created_at` timestamp NOT NULL DEFAULT current_timestamp(),
  `updated_at` timestamp NULL DEFAULT NULL ON UPDATE current_timestamp(),
  `deleted_at` timestamp NULL DEFAULT NULL,
  `update_by` int(11) DEFAULT NULL,
  `update_reason` varchar(255) COLLATE utf8mb4_unicode_ci DEFAULT NULL
) ENGINE=InnoDB DEFAULT CHARSET=utf8mb4 COLLATE=utf8mb4_unicode_ci;

--
-- Dumping data for table `leave_application`
--

INSERT INTO `leave_application` (`id`, `project_id`, `code`, `emp_id`, `tl_id`, `department`, `designation`, `title`, `leave_type`, `start_date`, `end_date`, `reason`, `day`, `status`, `is_active`, `is_deleted`, `created_at`, `updated_at`, `deleted_at`, `update_by`, `update_reason`) VALUES
(1, 29, 'DRF08A2BC5', 1000, 1027, 5, 14, 'Cough', 1, '2021-07-06 00:00:00', '2021-07-08 00:00:00', 'test', '3', 2, 1, 0, '2021-07-05 16:18:47', '2021-07-06 21:55:21', NULL, 1045, 'test'),
(2, 29, 'ZWCDJBHS8O', 1000, 1027, 5, 14, 'Tour', 3, '2021-07-12 00:00:00', '2021-07-16 00:00:00', 'Lorem Ipsum is simply dummy text of the printing and typesetting industry. Lorem Ipsum has been the industry\'s standard dummy text ever since the 1500s,', '5', 3, 1, 0, '2021-07-05 16:25:43', '2021-07-07 01:28:43', NULL, 1045, 'Poor Performance'),
(3, 29, '6VL10PSN7J', 1037, 1032, 7, 9, 'test', 1, '2021-07-06 00:00:00', '2021-07-14 00:00:00', 'test', '9', 1, 1, 0, '2021-07-06 05:28:05', '2021-07-06 21:51:55', NULL, 1045, NULL),
(4, 29, 'ZJQOLG2FD7', 1020, 1027, 5, 11, 'Illness', 1, '2021-07-07 00:00:00', '2021-07-08 00:00:00', 'Test', '2', 2, 1, 0, '2021-07-06 18:45:35', '2021-07-06 21:49:26', NULL, 1000, 'test test testset set setsetstsetset'),
(5, 29, 'RN2QC0HGF4', 1020, 1027, 5, 11, 'Jessica Specter', 1, '2021-07-09 00:00:00', '2021-07-09 00:00:00', 'tsetst', '1', 1, 0, 1, '2021-07-07 09:21:35', '2021-07-07 09:46:09', NULL, NULL, NULL),
(6, 29, '5IDKA93TG8', 1020, 1027, 5, 11, 'Jessica Specter', 1, '2021-07-07 00:00:00', '2021-07-07 00:00:00', 'test', '1', 1, 0, 1, '2021-07-07 09:36:45', '2021-07-07 09:45:21', NULL, NULL, NULL),
(7, 29, 'OHSZ8XRFTG', 1020, 1027, 5, 11, 'Jessica Specter', 2, '2021-07-09 00:00:00', '2021-07-09 00:00:00', 'test', '1', 1, 1, 0, '2021-07-07 09:47:04', '2021-07-07 09:47:04', NULL, NULL, NULL),
(8, 29, 'P0J6MSGVOC', 1000, 1027, 5, 14, 'Fever', 1, '2021-07-23 00:00:00', '2021-07-28 00:00:00', 'Having Fever', '6', 2, 1, 0, '2021-07-19 18:00:27', '2021-07-19 18:02:26', NULL, 1027, 'test');

-- --------------------------------------------------------

--
-- Table structure for table `migrations`
--

CREATE TABLE `migrations` (
  `id` int(10) UNSIGNED NOT NULL,
  `migration` varchar(255) COLLATE utf8mb4_unicode_ci NOT NULL,
  `batch` int(11) NOT NULL
) ENGINE=InnoDB DEFAULT CHARSET=utf8mb4 COLLATE=utf8mb4_unicode_ci;

--
-- Dumping data for table `migrations`
--

INSERT INTO `migrations` (`id`, `migration`, `batch`) VALUES
(1, '2014_10_12_000000_create_departments_table', 1),
(2, '2014_10_12_000000_create_designations_table', 1),
(3, '2014_10_12_000000_create_users_table', 1),
(4, '2014_10_12_100000_create_password_resets_table', 1),
(5, '2019_08_19_000000_create_failed_jobs_table', 1),
(6, '2021_05_08_010845_attributes', 1),
(7, '2021_05_12_051804_role_assign', 1),
(1, '2014_10_12_000000_create_departments_table', 1),
(2, '2014_10_12_000000_create_designations_table', 1),
(3, '2014_10_12_000000_create_users_table', 1),
(4, '2014_10_12_100000_create_password_resets_table', 1),
(5, '2019_08_19_000000_create_failed_jobs_table', 1),
(6, '2021_05_08_010845_attributes', 1),
(7, '2021_05_12_051804_role_assign', 1),
(1, '2014_10_12_000000_create_departments_table', 1),
(2, '2014_10_12_000000_create_designations_table', 1),
(3, '2014_10_12_000000_create_users_table', 1),
(4, '2014_10_12_100000_create_password_resets_table', 1),
(5, '2019_08_19_000000_create_failed_jobs_table', 1),
(6, '2021_05_08_010845_attributes', 1),
(7, '2021_05_12_051804_role_assign', 1),
(1, '2014_10_12_000000_create_departments_table', 1),
(2, '2014_10_12_000000_create_designations_table', 1),
(3, '2014_10_12_000000_create_users_table', 1),
(4, '2014_10_12_100000_create_password_resets_table', 1),
(5, '2019_08_19_000000_create_failed_jobs_table', 1),
(6, '2021_05_08_010845_attributes', 1),
(7, '2021_05_12_051804_role_assign', 1),
(1, '2014_10_12_000000_create_departments_table', 1),
(2, '2014_10_12_000000_create_designations_table', 1),
(3, '2014_10_12_000000_create_users_table', 1),
(4, '2014_10_12_100000_create_password_resets_table', 1),
(5, '2019_08_19_000000_create_failed_jobs_table', 1),
(6, '2021_05_08_010845_attributes', 1),
(7, '2021_05_12_051804_role_assign', 1),
(1, '2014_10_12_000000_create_departments_table', 1),
(2, '2014_10_12_000000_create_designations_table', 1),
(3, '2014_10_12_000000_create_users_table', 1),
(4, '2014_10_12_100000_create_password_resets_table', 1),
(5, '2019_08_19_000000_create_failed_jobs_table', 1),
(6, '2021_05_08_010845_attributes', 1),
(7, '2021_05_12_051804_role_assign', 1),
(1, '2014_10_12_000000_create_departments_table', 1),
(2, '2014_10_12_000000_create_designations_table', 1),
(3, '2014_10_12_000000_create_users_table', 1),
(4, '2014_10_12_100000_create_password_resets_table', 1),
(5, '2019_08_19_000000_create_failed_jobs_table', 1),
(6, '2021_05_08_010845_attributes', 1),
(7, '2021_05_12_051804_role_assign', 1),
(1, '2014_10_12_000000_create_departments_table', 1),
(2, '2014_10_12_000000_create_designations_table', 1),
(3, '2014_10_12_000000_create_users_table', 1),
(4, '2014_10_12_100000_create_password_resets_table', 1),
(5, '2019_08_19_000000_create_failed_jobs_table', 1),
(6, '2021_05_08_010845_attributes', 1),
(7, '2021_05_12_051804_role_assign', 1);

-- --------------------------------------------------------

--
-- Table structure for table `new_feeds`
--

CREATE TABLE `new_feeds` (
  `id` int(10) UNSIGNED NOT NULL,
  `resp_data` text COLLATE utf8mb4_unicode_ci NOT NULL,
  `is_active` tinyint(4) NOT NULL DEFAULT 1,
  `is_deleted` tinyint(4) NOT NULL DEFAULT 0,
  `created_at` timestamp NOT NULL DEFAULT current_timestamp(),
  `updated_at` timestamp NOT NULL DEFAULT current_timestamp() ON UPDATE current_timestamp(),
  `deleted_at` timestamp NULL DEFAULT NULL
) ENGINE=InnoDB DEFAULT CHARSET=utf8mb4 COLLATE=utf8mb4_unicode_ci;

--
-- Dumping data for table `new_feeds`
--

INSERT INTO `new_feeds` (`id`, `resp_data`, `is_active`, `is_deleted`, `created_at`, `updated_at`, `deleted_at`) VALUES
(1, 'a:5:{s:6:\"status\";b:1;s:4:\"code\";i:200;s:3:\"msg\";s:12:\"Successfully\";s:8:\"response\";a:3:{i:0;a:10:{s:2:\"id\";s:1:\"1\";s:1:\"o\";s:7:\"1.12921\";s:1:\"h\";s:7:\"1.13246\";s:1:\"l\";s:7:\"1.12651\";s:1:\"c\";s:7:\"1.13224\";s:2:\"ch\";s:8:\"+0.00303\";s:2:\"cp\";s:6:\"+0.27%\";s:1:\"t\";s:10:\"1639160007\";s:1:\"s\";s:7:\"EUR/USD\";s:2:\"tm\";s:19:\"2021-12-10 18:13:27\";}i:1;a:10:{s:2:\"id\";s:2:\"20\";s:1:\"o\";s:7:\"113.444\";s:1:\"h\";s:6:\"113.80\";s:1:\"l\";s:7:\"113.220\";s:1:\"c\";s:7:\"113.343\";s:2:\"ch\";s:6:\"-0.101\";s:2:\"cp\";s:6:\"-0.09%\";s:1:\"t\";s:10:\"1639160013\";s:1:\"s\";s:7:\"USD/JPY\";s:2:\"tm\";s:19:\"2021-12-10 18:13:33\";}i:2;a:10:{s:2:\"id\";s:2:\"41\";s:1:\"o\";s:7:\"1.22044\";s:1:\"h\";s:7:\"1.22347\";s:1:\"l\";s:7:\"1.21752\";s:1:\"c\";s:7:\"1.22134\";s:2:\"ch\";s:8:\"+0.00090\";s:2:\"cp\";s:6:\"+0.07%\";s:1:\"t\";s:10:\"1639160017\";s:1:\"s\";s:7:\"GBP/CHF\";s:2:\"tm\";s:19:\"2021-12-10 18:13:37\";}}s:4:\"info\";a:3:{s:11:\"server_time\";s:23:\"2021-12-10 18:15:03 UTC\";s:12:\"credit_count\";i:1;s:2:\"_t\";s:23:\"2021-12-10 18:15:03 UTC\";}}', 0, 1, '2021-12-10 13:15:02', '2021-12-15 05:59:56', NULL),
(2, 'a:5:{s:6:\"status\";b:1;s:4:\"code\";i:200;s:3:\"msg\";s:12:\"Successfully\";s:8:\"response\";a:3:{i:0;a:10:{s:2:\"id\";s:1:\"1\";s:1:\"o\";s:7:\"1.12572\";s:1:\"h\";s:7:\"1.12695\";s:1:\"l\";s:7:\"1.12548\";s:1:\"c\";s:7:\"1.12651\";s:2:\"ch\";s:8:\"+0.00079\";s:2:\"cp\";s:6:\"+0.07%\";s:1:\"t\";s:10:\"1639529985\";s:1:\"s\";s:7:\"EUR/USD\";s:2:\"tm\";s:19:\"2021-12-15 00:59:45\";}i:1;a:10:{s:2:\"id\";s:2:\"20\";s:1:\"o\";s:7:\"113.714\";s:1:\"h\";s:6:\"113.80\";s:1:\"l\";s:7:\"113.670\";s:1:\"c\";s:7:\"113.758\";s:2:\"ch\";s:6:\"+0.044\";s:2:\"cp\";s:6:\"+0.04%\";s:1:\"t\";s:10:\"1639529981\";s:1:\"s\";s:7:\"USD/JPY\";s:2:\"tm\";s:19:\"2021-12-15 00:59:41\";}i:2;a:10:{s:2:\"id\";s:2:\"41\";s:1:\"o\";s:7:\"1.22314\";s:1:\"h\";s:7:\"1.22415\";s:1:\"l\";s:7:\"1.22134\";s:1:\"c\";s:7:\"1.22270\";s:2:\"ch\";s:8:\"-0.00044\";s:2:\"cp\";s:6:\"-0.04%\";s:1:\"t\";s:10:\"1639529975\";s:1:\"s\";s:7:\"GBP/CHF\";s:2:\"tm\";s:19:\"2021-12-15 00:59:35\";}}s:4:\"info\";a:2:{s:11:\"server_time\";s:23:\"2021-12-15 00:59:56 UTC\";s:12:\"credit_count\";i:1;}}', 0, 1, '2021-12-15 05:59:56', '2021-12-15 06:01:19', NULL),
(3, 'a:5:{s:6:\"status\";b:1;s:4:\"code\";i:200;s:3:\"msg\";s:12:\"Successfully\";s:8:\"response\";a:3:{i:0;a:10:{s:2:\"id\";s:1:\"1\";s:1:\"o\";s:7:\"1.12572\";s:1:\"h\";s:7:\"1.12695\";s:1:\"l\";s:7:\"1.12548\";s:1:\"c\";s:7:\"1.12651\";s:2:\"ch\";s:8:\"+0.00079\";s:2:\"cp\";s:6:\"+0.07%\";s:1:\"t\";s:10:\"1639529985\";s:1:\"s\";s:7:\"EUR/USD\";s:2:\"tm\";s:19:\"2021-12-15 00:59:45\";}i:1;a:10:{s:2:\"id\";s:2:\"20\";s:1:\"o\";s:7:\"113.714\";s:1:\"h\";s:6:\"113.80\";s:1:\"l\";s:7:\"113.670\";s:1:\"c\";s:7:\"113.758\";s:2:\"ch\";s:6:\"+0.044\";s:2:\"cp\";s:6:\"+0.04%\";s:1:\"t\";s:10:\"1639529981\";s:1:\"s\";s:7:\"USD/JPY\";s:2:\"tm\";s:19:\"2021-12-15 00:59:41\";}i:2;a:10:{s:2:\"id\";s:2:\"41\";s:1:\"o\";s:7:\"1.22314\";s:1:\"h\";s:7:\"1.22415\";s:1:\"l\";s:7:\"1.22134\";s:1:\"c\";s:7:\"1.22270\";s:2:\"ch\";s:8:\"-0.00044\";s:2:\"cp\";s:6:\"-0.04%\";s:1:\"t\";s:10:\"1639529975\";s:1:\"s\";s:7:\"GBP/CHF\";s:2:\"tm\";s:19:\"2021-12-15 00:59:35\";}}s:4:\"info\";a:3:{s:11:\"server_time\";s:23:\"2021-12-15 01:01:18 UTC\";s:12:\"credit_count\";i:1;s:2:\"_t\";s:23:\"2021-12-15 01:01:18 UTC\";}}', 1, 0, '2021-12-15 06:01:19', '2021-12-15 06:01:19', NULL);

-- --------------------------------------------------------

--
-- Table structure for table `notifications`
--

CREATE TABLE `notifications` (
  `id` int(10) UNSIGNED NOT NULL,
  `sender` int(11) NOT NULL DEFAULT 0,
  `receiver` int(11) NOT NULL DEFAULT 0,
  `msg` varchar(255) COLLATE utf8mb4_unicode_ci DEFAULT NULL,
  `is_read` int(11) NOT NULL DEFAULT 0,
  `is_active` tinyint(4) NOT NULL DEFAULT 1,
  `is_deleted` tinyint(4) NOT NULL DEFAULT 0,
  `created_at` timestamp NOT NULL DEFAULT current_timestamp(),
  `updated_at` timestamp NOT NULL DEFAULT current_timestamp() ON UPDATE current_timestamp(),
  `deleted_at` timestamp NULL DEFAULT NULL
) ENGINE=InnoDB DEFAULT CHARSET=utf8mb4 COLLATE=utf8mb4_unicode_ci;

-- --------------------------------------------------------

--
-- Table structure for table `orders`
--

CREATE TABLE `orders` (
  `id` int(10) UNSIGNED NOT NULL,
  `user_id` int(11) NOT NULL,
  `package_id` int(11) NOT NULL,
  `amount` double NOT NULL,
  `paid_status` varchar(255) COLLATE utf8mb4_unicode_ci NOT NULL DEFAULT 'Pending',
  `transaction_sid` varchar(255) COLLATE utf8mb4_unicode_ci NOT NULL,
  `resp_data` text COLLATE utf8mb4_unicode_ci NOT NULL,
  `is_active` tinyint(4) NOT NULL DEFAULT 1,
  `is_deleted` tinyint(4) NOT NULL DEFAULT 0,
  `created_at` timestamp NOT NULL DEFAULT current_timestamp(),
  `updated_at` timestamp NOT NULL DEFAULT current_timestamp() ON UPDATE current_timestamp(),
  `deleted_at` timestamp NULL DEFAULT NULL
) ENGINE=InnoDB DEFAULT CHARSET=utf8mb4 COLLATE=utf8mb4_unicode_ci;

--
-- Dumping data for table `orders`
--

INSERT INTO `orders` (`id`, `user_id`, `package_id`, `amount`, `paid_status`, `transaction_sid`, `resp_data`, `is_active`, `is_deleted`, `created_at`, `updated_at`, `deleted_at`) VALUES
(1, 1, 1, 30, 'paid', '1235asd456a46', 'ada', 1, 0, '2021-10-12 00:08:00', '2021-12-08 00:38:19', NULL),
(2, 1, 1, 90, 'paid', '1235asd456a46', 'ada', 1, 0, '2021-11-16 00:08:00', '2021-12-08 00:38:24', NULL),
(3, 72, 1, 12, 'paid', '1235asd456a46', 'ada', 1, 0, '2021-07-19 00:08:00', '2021-12-16 02:14:37', NULL),
(4, 1, 1, 20, 'Refund', '1235asd456a46', 'ada', 1, 0, '2021-11-26 00:08:00', '2021-12-08 00:38:34', NULL),
(5, 1, 1, 5, 'Refund', '1235asd456a46', 'ada', 1, 0, '2021-12-08 00:08:00', '2021-12-08 00:08:00', NULL);

-- --------------------------------------------------------

--
-- Table structure for table `ourwork`
--

CREATE TABLE `ourwork` (
  `id` int(11) NOT NULL,
  `image` text NOT NULL,
  `link` text NOT NULL,
  `is_active` tinyint(4) NOT NULL DEFAULT 1,
  `is_deleted` tinyint(4) NOT NULL DEFAULT 0,
  `created_at` timestamp NOT NULL DEFAULT current_timestamp(),
  `updated_at` timestamp NOT NULL DEFAULT current_timestamp() ON UPDATE current_timestamp(),
  `deleted_at` timestamp NULL DEFAULT NULL
) ENGINE=InnoDB DEFAULT CHARSET=utf8mb4;

--
-- Dumping data for table `ourwork`
--

INSERT INTO `ourwork` (`id`, `image`, `link`, `is_active`, `is_deleted`, `created_at`, `updated_at`, `deleted_at`) VALUES
(1, 'images/1640217136.png', 'https://www.youtube.com/watch?v=AhImgLmSD1M', 1, 0, '2021-12-20 17:38:46', '2022-01-03 20:26:44', NULL),
(2, 'images/1640217152.png', 'https://www.youtube.com/watch?v=kI599vzA_YA', 1, 0, '2021-12-20 17:48:52', '2022-01-03 20:26:51', NULL),
(3, 'images/1640217177.png', 'https://www.youtube.com/watch?time_continue=1&v=rJqtXVd-bd0', 1, 0, '2021-12-20 17:49:07', '2022-01-03 20:26:57', NULL),
(4, 'images/1640217191.png', 'https://www.youtube.com/watch?v=AhImgLmSD1M', 1, 0, '2021-12-20 17:49:19', '2022-01-03 20:27:04', NULL);

-- --------------------------------------------------------

--
-- Table structure for table `packages`
--

CREATE TABLE `packages` (
  `id` int(10) UNSIGNED NOT NULL,
  `name` varchar(255) COLLATE utf8mb4_unicode_ci DEFAULT NULL,
  `slug` varchar(255) COLLATE utf8mb4_unicode_ci NOT NULL,
  `amount` varchar(255) COLLATE utf8mb4_unicode_ci DEFAULT NULL,
  `period` varchar(255) COLLATE utf8mb4_unicode_ci DEFAULT NULL,
  `desc` text COLLATE utf8mb4_unicode_ci DEFAULT NULL,
  `is_active` tinyint(4) NOT NULL DEFAULT 1,
  `is_deleted` tinyint(4) NOT NULL DEFAULT 0,
  `created_at` timestamp NOT NULL DEFAULT current_timestamp(),
  `updated_at` timestamp NOT NULL DEFAULT current_timestamp() ON UPDATE current_timestamp(),
  `deleted_at` timestamp NULL DEFAULT NULL
) ENGINE=InnoDB DEFAULT CHARSET=utf8mb4 COLLATE=utf8mb4_unicode_ci;

--
-- Dumping data for table `packages`
--

INSERT INTO `packages` (`id`, `name`, `slug`, `amount`, `period`, `desc`, `is_active`, `is_deleted`, `created_at`, `updated_at`, `deleted_at`) VALUES
(1, 'Silver', 'silver', '100', '1', '<ul>\r\n	<li>Beginner to Intermediate level</li>\r\n	<li>Members Only Forum</li>\r\n	<li>Monthly Live Training Sessions</li>\r\n	<li>Help &amp; Support</li>\r\n</ul>\r\n', 1, 0, '2021-12-06 16:16:46', '2021-12-16 11:14:25', NULL),
(2, 'Gold', 'gold', '199', '3', '<ul>\r\n	<li>Seasonal Bonus programs</li>\r\n	<li>Send Time Optimization</li>\r\n	<li>Behavioural Targeting</li>\r\n	<li>Weekly Live Training Sessions</li>\r\n</ul>\r\n', 1, 0, '2021-12-06 16:17:33', '2021-12-16 11:14:44', NULL),
(3, 'Platinum', 'platinum', '299', '6', '<ul>\r\n	<li>Multiple Bonus programs&nbsp;&nbsp;</li>\r\n	<li>Priority Support</li>\r\n	<li>A 30-minute session is designed with a coach to create a custom strategy for you to follow.</li>\r\n	<li>Unlimited Leverage</li>\r\n</ul>\r\n', 1, 0, '2021-12-06 16:18:00', '2021-12-16 11:15:08', NULL);

-- --------------------------------------------------------

--
-- Table structure for table `pages`
--

CREATE TABLE `pages` (
  `id` int(11) NOT NULL,
  `page` varchar(255) NOT NULL,
  `name` varchar(255) NOT NULL,
  `is_active` tinyint(4) NOT NULL DEFAULT 1,
  `is_deleted` tinyint(4) NOT NULL DEFAULT 0,
  `created_at` timestamp NOT NULL DEFAULT current_timestamp(),
  `updated_at` timestamp NOT NULL DEFAULT current_timestamp() ON UPDATE current_timestamp(),
  `deleted_at` timestamp NULL DEFAULT NULL
) ENGINE=InnoDB DEFAULT CHARSET=utf8mb4;

--
-- Dumping data for table `pages`
--

INSERT INTO `pages` (`id`, `page`, `name`, `is_active`, `is_deleted`, `created_at`, `updated_at`, `deleted_at`) VALUES
(1, 'about', 'About', 1, 0, '2021-12-21 17:36:59', '2021-12-21 17:36:59', NULL),
(2, 'home', 'Home', 1, 0, '2021-12-21 20:11:35', '2021-12-21 20:11:35', NULL),
(3, 'instructor', 'Instructor', 1, 0, '2021-12-21 20:11:52', '2021-12-21 20:11:52', NULL),
(4, 'services', 'Services', 1, 0, '2021-12-21 21:02:23', '2021-12-21 21:02:23', NULL),
(5, 'peaktop_program', 'Peaktop Program', 1, 0, '2021-12-21 21:42:39', '2021-12-21 21:42:39', NULL),
(6, 'privatelesson', 'Private Lesson', 1, 0, '2021-12-21 23:24:36', '2021-12-21 23:24:36', NULL),
(7, 'onlinelesson', 'Online Lesson', 1, 0, '2021-12-21 23:51:42', '2021-12-21 23:51:42', NULL),
(8, 'baseball', 'Baseball', 1, 0, '2021-12-22 00:35:37', '2021-12-22 00:35:37', NULL),
(9, 'highschoolteam', 'High School Team', 1, 0, '2021-12-22 00:49:57', '2021-12-22 00:49:57', NULL),
(10, 'youthteam', 'Youth Team', 1, 0, '2021-12-22 01:34:56', '2021-12-22 01:34:56', NULL);

-- --------------------------------------------------------

--
-- Table structure for table `password_resets`
--

CREATE TABLE `password_resets` (
  `email` varchar(255) COLLATE utf8mb4_unicode_ci NOT NULL,
  `token` varchar(255) COLLATE utf8mb4_unicode_ci NOT NULL,
  `created_at` timestamp NULL DEFAULT NULL,
  `is_active` tinyint(4) NOT NULL,
  `is_deleted` tinyint(4) NOT NULL
) ENGINE=InnoDB DEFAULT CHARSET=utf8mb4 COLLATE=utf8mb4_unicode_ci;

-- --------------------------------------------------------

--
-- Table structure for table `payslip`
--

CREATE TABLE `payslip` (
  `id` int(10) UNSIGNED NOT NULL,
  `emp_id` int(11) DEFAULT NULL,
  `created_by` int(11) DEFAULT NULL,
  `salary` double DEFAULT NULL,
  `deduction` double DEFAULT NULL,
  `net_pay` double DEFAULT NULL,
  `medical_allowance` double NOT NULL DEFAULT 0,
  `fuel_allowance` double NOT NULL DEFAULT 0,
  `house_rent` double NOT NULL DEFAULT 0,
  `conveyance` double NOT NULL DEFAULT 0,
  `late_timing` double NOT NULL DEFAULT 0,
  `leaves` double NOT NULL DEFAULT 0,
  `advance_payment` double NOT NULL DEFAULT 0,
  `income_tax` double NOT NULL DEFAULT 0,
  `reason` varchar(255) COLLATE utf8mb4_unicode_ci DEFAULT NULL,
  `month` varchar(255) COLLATE utf8mb4_unicode_ci DEFAULT NULL,
  `is_read` int(11) NOT NULL DEFAULT 0,
  `is_active` tinyint(4) NOT NULL DEFAULT 1,
  `is_deleted` tinyint(4) NOT NULL DEFAULT 0,
  `created_at` timestamp NOT NULL DEFAULT current_timestamp(),
  `updated_at` timestamp NOT NULL DEFAULT current_timestamp() ON UPDATE current_timestamp(),
  `deleted_at` timestamp NULL DEFAULT NULL
) ENGINE=InnoDB DEFAULT CHARSET=utf8mb4 COLLATE=utf8mb4_unicode_ci;

--
-- Dumping data for table `payslip`
--

INSERT INTO `payslip` (`id`, `emp_id`, `created_by`, `salary`, `deduction`, `net_pay`, `medical_allowance`, `fuel_allowance`, `house_rent`, `conveyance`, `late_timing`, `leaves`, `advance_payment`, `income_tax`, `reason`, `month`, `is_read`, `is_active`, `is_deleted`, `created_at`, `updated_at`, `deleted_at`) VALUES
(1, 1012, 1000, 55, 1, 54, 0, 0, 0, 0, 0, 0, 0, 0, 'test', '2', 0, 1, 0, '2021-07-09 17:18:05', '2021-07-09 17:18:05', NULL),
(2, 1032, 1000, 90, 10, 80, 10, 12, 10, 5, 12, 1, 0, 15, 'Tests', '5', 0, 1, 0, '2021-07-12 09:32:07', '2021-07-12 09:32:07', NULL),
(3, 1010, 1000, 250, 12, 238, 23, 12, 23, 23, 12, 3, 43, 43, 'rtestst', '4', 0, 1, 0, '2021-07-12 10:21:45', '2021-07-12 10:21:45', NULL),
(4, 1018, 1000, 900, 123, 777, 21, 12, 54, 45, 65, 76, 1, 34, 'yrdydrdy', '3', 0, 1, 0, '2021-07-12 10:24:48', '2021-07-12 10:24:48', NULL),
(5, 1018, 1000, 900, 123, 777, 21, 12, 54, 45, 65, 76, 1, 34, 'yrdydrdy', '3', 0, 1, 0, '2021-07-12 10:25:54', '2021-07-12 10:25:54', NULL),
(6, 1010, 1000, 250, 12, 238, 123, 12, 132, 123, 23, 23, 12, 12, 'r3wrw3', '1', 0, 1, 0, '2021-07-19 18:03:31', '2021-07-19 18:03:31', NULL),
(7, 1009, 1000, 320, 300, 20, 5000, 1000, 5000, 200, 10, 1, 30, 10, 'ss', '4', 0, 1, 0, '2021-07-23 22:26:22', '2021-07-23 22:26:22', NULL),
(8, 1018, 1000, 900, 0, 900, 100, 100, 100, 0, 3, 0, 0, 0, 'Test', '5', 0, 1, 0, '2021-07-27 21:58:52', '2021-07-27 21:58:52', NULL);

-- --------------------------------------------------------

--
-- Table structure for table `peaktop`
--

CREATE TABLE `peaktop` (
  `id` int(11) NOT NULL,
  `desc` text NOT NULL,
  `image` varchar(255) NOT NULL,
  `is_active` tinyint(4) NOT NULL DEFAULT 1,
  `is_deleted` tinyint(4) NOT NULL DEFAULT 0,
  `created_at` timestamp NOT NULL DEFAULT current_timestamp(),
  `updated_at` timestamp NOT NULL DEFAULT current_timestamp() ON UPDATE current_timestamp(),
  `deleted_at` timestamp NULL DEFAULT NULL
) ENGINE=InnoDB DEFAULT CHARSET=utf8mb4;

--
-- Dumping data for table `peaktop`
--

INSERT INTO `peaktop` (`id`, `desc`, `image`, `is_active`, `is_deleted`, `created_at`, `updated_at`, `deleted_at`) VALUES
(1, '<p>peaktop</p>', 'images/1640038516.jpg', 1, 0, '2022-01-05 21:40:25', '2022-01-05 21:41:14', NULL),
(6, '<p>aaaaa</p>\r\n', 'images/1640034946.jpg', 1, 0, '2021-12-20 16:15:46', '2022-01-03 20:31:03', NULL),
(7, '<p>Peaktop</p>\r\n', 'images/1640037758.jpg', 1, 0, '2021-12-20 17:02:38', '2022-01-03 20:31:07', NULL),
(8, '<p>abcd</p>\r\n', 'images/1640038516.jpg', 1, 0, '2021-12-20 17:15:16', '2022-01-03 20:31:10', NULL),
(10, '<p>Any description about peaktop</p>\r\n', 'uploads/6_1640831622_1641419006.png', 1, 0, '2022-01-05 16:43:26', '2022-01-05 16:43:26', NULL);

-- --------------------------------------------------------

--
-- Table structure for table `product`
--

CREATE TABLE `product` (
  `id` int(11) NOT NULL,
  `categoryid` int(11) NOT NULL,
  `name` varchar(255) NOT NULL,
  `slug` varchar(255) NOT NULL,
  `desc` text NOT NULL,
  `tagcategory` varchar(255) DEFAULT NULL,
  `tagprice` double DEFAULT NULL,
  `is_active` tinyint(4) NOT NULL DEFAULT 1,
  `is_deleted` tinyint(4) NOT NULL DEFAULT 0,
  `created_at` timestamp NOT NULL DEFAULT current_timestamp(),
  `updated_at` timestamp NOT NULL DEFAULT current_timestamp() ON UPDATE current_timestamp(),
  `deleted_at` timestamp NULL DEFAULT NULL
) ENGINE=InnoDB DEFAULT CHARSET=utf8mb4;

--
-- Dumping data for table `product`
--

INSERT INTO `product` (`id`, `categoryid`, `name`, `slug`, `desc`, `tagcategory`, `tagprice`, `is_active`, `is_deleted`, `created_at`, `updated_at`, `deleted_at`) VALUES
(4, 1, 'Shirt', 'shirt', 'Shirt', NULL, NULL, 1, 0, '2021-12-25 02:09:21', '2021-12-25 02:09:21', NULL),
(5, 4, 'Hat', 'Hathat', '<p>my hat</p>\r\n', NULL, NULL, 1, 0, '2021-12-27 13:25:39', '2021-12-27 13:25:39', NULL),
(6, 1, 'shirt', 'shirtshirt', '<p>my shirt</p>\r\n', NULL, NULL, 1, 0, '2021-12-27 13:27:56', '2021-12-27 13:27:56', NULL),
(7, 5, 'bag', 'bagbag', '<p>bag</p>\r\n', NULL, NULL, 1, 0, '2021-12-27 13:55:05', '2021-12-27 13:55:05', NULL),
(44, 1, 'aaaaa', 'aaaaa', '<p>aaaaaaaaa</p>', NULL, NULL, 1, 0, '2021-12-27 19:06:02', '2021-12-30 18:01:06', NULL),
(45, 4, 'Hat', 'hat', '<p>My hat</p>', NULL, NULL, 1, 0, '2021-12-27 19:09:06', '2021-12-27 19:09:06', NULL),
(49, 1, 'aaaaaaaa', 'aaaaaaaa', '<p>aaaaaa</p>', NULL, 500, 1, 0, '2021-12-27 19:33:01', '2021-12-30 18:01:23', NULL),
(50, 4, 'hat', 'hat', '<p>aaaaaaaaaa</p>', NULL, 500, 1, 0, '2021-12-27 20:03:17', '2021-12-30 18:01:17', NULL),
(62, 1, 'shirt', 'shirt', '<p>1</p>', NULL, 1, 1, 0, '2021-12-29 21:10:20', '2021-12-29 21:10:20', NULL),
(64, 4, 'a', 'a', '<p>1</p>', NULL, 1, 1, 0, '2021-12-29 21:33:42', '2021-12-29 21:33:42', NULL),
(65, 4, 'a', 'a', '<p>2</p>', NULL, 12, 1, 0, '2021-12-29 21:35:19', '2021-12-29 21:35:19', NULL),
(66, 4, 'Hat', 'hat', '<p>It is a hat</p>', NULL, 1200, 1, 0, '2021-12-30 13:18:46', '2021-12-30 13:18:46', NULL),
(67, 1, 'New Shirt', 'newshirt', '<p>It is to check finally</p>', NULL, 111, 1, 0, '2021-12-30 16:11:41', '2021-12-30 16:11:41', NULL);

-- --------------------------------------------------------

--
-- Table structure for table `product_list`
--

CREATE TABLE `product_list` (
  `id` int(11) NOT NULL,
  `product_id` int(11) NOT NULL,
  `price` double NOT NULL,
  `stock` int(11) NOT NULL,
  `sku` varchar(255) DEFAULT NULL,
  `image` varchar(255) NOT NULL,
  `is_active` tinyint(1) NOT NULL DEFAULT 1,
  `is_deleted` tinyint(1) NOT NULL DEFAULT 0,
  `created_at` timestamp NOT NULL DEFAULT current_timestamp(),
  `updated_at` timestamp NOT NULL DEFAULT current_timestamp() ON UPDATE current_timestamp(),
  `deleted_at` timestamp NULL DEFAULT NULL
) ENGINE=InnoDB DEFAULT CHARSET=utf8mb4;

--
-- Dumping data for table `product_list`
--

INSERT INTO `product_list` (`id`, `product_id`, `price`, `stock`, `sku`, `image`, `is_active`, `is_deleted`, `created_at`, `updated_at`, `deleted_at`) VALUES
(2, 45, 9000, 3, 'Hat', 'images/1640650146.png', 1, 0, '2021-12-27 19:09:06', '2021-12-30 20:07:21', NULL),
(3, 45, 600, 54, '45', 'images/1640650146.png', 1, 0, '2021-12-27 19:09:06', '2021-12-30 20:07:25', NULL),
(4, 49, 50, 50, '50', 'images/1640651581.jpg', 1, 0, '2021-12-27 19:33:01', '2022-01-05 15:31:46', NULL),
(5, 50, 500, 5, 'aaaaaa', 'images/1640653397.jpg', 1, 0, '2021-12-27 20:03:17', '2021-12-30 20:07:33', NULL),
(30, 67, 1100, 1, '1', 'uploads/product/6_1640898701.png', 1, 0, '2021-12-30 16:11:41', '2021-12-30 16:11:41', NULL),
(31, 67, 2, 2, '2', 'uploads/product/1_1640898702.jpg', 1, 0, '2021-12-30 16:11:42', '2021-12-30 21:57:02', NULL),
(32, 4, 1200, 3, 'a', 'uploads/product/6_1640917451.png', 1, 0, '2021-12-30 21:24:11', '2022-01-03 20:21:30', NULL),
(33, 7, 300, 3, 'a', 'uploads/product/1_1640917509.jpg', 1, 0, '2021-12-30 21:25:09', '2021-12-30 21:25:09', NULL);

-- --------------------------------------------------------

--
-- Table structure for table `product_variation`
--

CREATE TABLE `product_variation` (
  `id` int(11) NOT NULL,
  `categoryid` int(11) NOT NULL,
  `type` varchar(255) NOT NULL,
  `value` varchar(255) NOT NULL,
  `is_active` tinyint(1) NOT NULL DEFAULT 1,
  `is_deleted` tinyint(1) NOT NULL DEFAULT 0,
  `created_at` timestamp NOT NULL DEFAULT current_timestamp(),
  `updated_at` timestamp NOT NULL DEFAULT current_timestamp() ON UPDATE current_timestamp(),
  `deleted_at` timestamp NULL DEFAULT NULL
) ENGINE=InnoDB DEFAULT CHARSET=utf8mb4;

--
-- Dumping data for table `product_variation`
--

INSERT INTO `product_variation` (`id`, `categoryid`, `type`, `value`, `is_active`, `is_deleted`, `created_at`, `updated_at`, `deleted_at`) VALUES
(1, 1, 'colour', 'Black', 1, 0, '2021-12-25 00:54:40', '2021-12-25 00:54:40', NULL),
(2, 1, 'colour', 'Blue', 1, 0, '2021-12-25 00:55:04', '2021-12-25 00:55:04', NULL),
(3, 5, 'size', 'large', 1, 0, '2021-12-25 00:55:51', '2021-12-24 20:58:12', NULL),
(4, 1, 'size', 'Medium', 1, 0, '2021-12-25 00:56:03', '2021-12-25 00:56:03', NULL),
(5, 1, 'size', 'Large', 1, 0, '2021-12-25 00:56:16', '2021-12-25 00:56:16', NULL),
(6, 1, 'fabric', 'Cotton', 1, 0, '2021-12-25 00:56:40', '2021-12-27 14:29:41', NULL),
(7, 1, 'fabric', 'Denim', 1, 0, '2021-12-25 00:56:52', '2021-12-25 00:56:52', NULL),
(8, 4, 'colour', 'Black', 1, 0, '2021-12-24 20:37:53', '2021-12-24 20:37:53', NULL),
(9, 5, 'colour', 'Blue', 1, 0, '2021-12-24 20:38:07', '2021-12-24 20:38:07', NULL),
(10, 4, 'colour', 'White', 1, 0, '2021-12-24 20:44:09', '2021-12-24 20:44:09', NULL),
(11, 1, 'size', 'small', 1, 0, '2021-12-24 20:58:29', '2021-12-24 20:58:29', NULL),
(12, 6, 'colour', 'Black', 1, 0, '2021-12-29 12:56:17', '2021-12-29 12:56:17', NULL),
(13, 1, 'fabric', 'Chambray', 1, 0, '2022-01-05 16:28:52', '2022-01-05 16:28:52', NULL),
(14, 6, 'fabric', 'Chambray', 1, 0, '2022-01-05 16:29:12', '2022-01-05 16:29:12', NULL);

-- --------------------------------------------------------

--
-- Table structure for table `product_varlist`
--

CREATE TABLE `product_varlist` (
  `id` int(11) NOT NULL,
  `product_id` int(11) NOT NULL,
  `product_list_id` int(11) NOT NULL,
  `var_id` int(11) NOT NULL,
  `type` varchar(255) NOT NULL,
  `value` varchar(255) NOT NULL,
  `is_active` tinyint(1) NOT NULL DEFAULT 1,
  `is_deleted` tinyint(1) NOT NULL DEFAULT 0,
  `created_at` timestamp NOT NULL DEFAULT current_timestamp(),
  `updated_at` timestamp NOT NULL DEFAULT current_timestamp() ON UPDATE current_timestamp(),
  `deleted_at` timestamp NULL DEFAULT NULL
) ENGINE=InnoDB DEFAULT CHARSET=utf8mb4;

--
-- Dumping data for table `product_varlist`
--

INSERT INTO `product_varlist` (`id`, `product_id`, `product_list_id`, `var_id`, `type`, `value`, `is_active`, `is_deleted`, `created_at`, `updated_at`, `deleted_at`) VALUES
(1, 45, 2, 8, 'colour', 'Black', 1, 0, '2021-12-29 18:42:24', '2021-12-30 20:59:58', NULL),
(2, 45, 3, 10, 'colour', 'White', 1, 0, '2021-12-29 18:43:04', '2021-12-30 21:00:27', NULL),
(3, 49, 4, 5, 'size', 'Large', 1, 0, '2021-12-29 18:43:56', '2022-01-05 15:31:46', NULL),
(4, 49, 4, 1, 'colour', 'Black', 1, 0, '2021-12-29 18:44:15', '2022-01-05 15:31:46', NULL),
(5, 49, 4, 7, 'fabric', 'Denim', 1, 0, '2021-12-29 18:44:49', '2022-01-05 15:31:46', NULL),
(61, 67, 30, 1, 'colour', 'Black', 1, 0, '2021-12-30 16:11:41', '2021-12-30 16:11:41', NULL),
(62, 67, 30, 4, 'size', 'Medium', 1, 0, '2021-12-30 16:11:41', '2021-12-30 16:11:41', NULL),
(63, 67, 30, 6, 'fabric', 'Cotton', 1, 0, '2021-12-30 16:11:41', '2021-12-30 16:11:41', NULL),
(64, 67, 31, 2, 'colour', 'Blue', 1, 0, '2021-12-30 16:11:42', '2021-12-30 21:57:02', NULL),
(65, 67, 31, 11, 'size', 'small', 1, 0, '2021-12-30 16:11:42', '2021-12-30 21:57:02', NULL),
(66, 67, 31, 6, 'fabric', 'Cotton', 1, 0, '2021-12-30 16:11:42', '2021-12-30 21:57:02', NULL),
(67, 4, 32, 2, 'colour', 'Blue', 1, 0, '2021-12-30 21:24:11', '2021-12-30 21:24:11', NULL),
(68, 4, 32, 11, 'size', 'small', 1, 0, '2021-12-30 21:24:11', '2021-12-30 21:24:11', NULL),
(69, 4, 32, 6, 'fabric', 'Cotton', 1, 0, '2021-12-30 21:24:11', '2021-12-30 21:24:11', NULL),
(70, 7, 33, 3, 'size', 'large', 1, 0, '2021-12-30 21:25:09', '2021-12-30 21:25:09', NULL),
(71, 7, 33, 9, 'colour', 'Blue', 1, 0, '2021-12-30 21:25:09', '2021-12-30 21:25:09', NULL);

-- --------------------------------------------------------

--
-- Table structure for table `role_assign`
--

CREATE TABLE `role_assign` (
  `id` int(10) UNSIGNED NOT NULL,
  `assignee` text COLLATE utf8mb4_unicode_ci DEFAULT NULL,
  `role_id` int(11) DEFAULT NULL,
  `is_active` tinyint(4) NOT NULL DEFAULT 1,
  `is_deleted` tinyint(4) NOT NULL DEFAULT 0,
  `created_at` timestamp NOT NULL DEFAULT current_timestamp(),
  `updated_at` timestamp NOT NULL DEFAULT current_timestamp() ON UPDATE current_timestamp(),
  `deleted_at` timestamp NULL DEFAULT NULL
) ENGINE=InnoDB DEFAULT CHARSET=utf8mb4 COLLATE=utf8mb4_unicode_ci;

--
-- Dumping data for table `role_assign`
--

INSERT INTO `role_assign` (`id`, `assignee`, `role_id`, `is_active`, `is_deleted`, `created_at`, `updated_at`, `deleted_at`) VALUES
(1, 'a:56:{i:0;s:7:\"roles_1\";i:1;s:7:\"roles_2\";i:2;s:7:\"roles_3\";i:3;s:7:\"roles_4\";i:4;s:14:\"testimonials_1\";i:5;s:14:\"testimonials_2\";i:6;s:14:\"testimonials_3\";i:7;s:14:\"testimonials_4\";i:8;s:9:\"peaktop_1\";i:9;s:9:\"peaktop_2\";i:10;s:9:\"peaktop_3\";i:11;s:9:\"peaktop_4\";i:12;s:9:\"ourwork_1\";i:13;s:9:\"ourwork_2\";i:14;s:9:\"ourwork_3\";i:15;s:9:\"ourwork_4\";i:16;s:12:\"instructor_1\";i:17;s:12:\"instructor_2\";i:18;s:12:\"instructor_3\";i:19;s:12:\"instructor_4\";i:20;s:5:\"cms_1\";i:21;s:5:\"cms_2\";i:22;s:5:\"cms_3\";i:23;s:5:\"cms_4\";i:24;s:9:\"contact_1\";i:25;s:9:\"contact_2\";i:26;s:9:\"contact_3\";i:27;s:9:\"contact_4\";i:28;s:6:\"team_1\";i:29;s:6:\"team_2\";i:30;s:6:\"team_3\";i:31;s:6:\"team_4\";i:32;s:10:\"category_1\";i:33;s:10:\"category_2\";i:34;s:10:\"category_3\";i:35;s:10:\"category_4\";i:36;s:8:\"colour_1\";i:37;s:8:\"colour_2\";i:38;s:8:\"colour_3\";i:39;s:8:\"colour_4\";i:40;s:6:\"size_1\";i:41;s:6:\"size_2\";i:42;s:6:\"size_3\";i:43;s:6:\"size_4\";i:44;s:8:\"fabric_1\";i:45;s:8:\"fabric_2\";i:46;s:8:\"fabric_3\";i:47;s:8:\"fabric_4\";i:48;s:9:\"product_1\";i:49;s:9:\"product_2\";i:50;s:9:\"product_3\";i:51;s:9:\"product_4\";i:52;s:14:\"product_list_1\";i:53;s:14:\"product_list_2\";i:54;s:14:\"product_list_3\";i:55;s:14:\"product_list_4\";}', 1, 1, 0, '2021-12-03 19:54:55', '2022-01-04 16:37:37', NULL),
(2, 'a:6:{i:0;s:7:\"roles_1\";i:1;s:7:\"roles_2\";i:2;s:7:\"roles_3\";i:3;s:9:\"reports_1\";i:4;s:9:\"reports_2\";i:5;s:9:\"reports_3\";}', 2, 1, 0, '2021-12-03 19:55:24', '2021-12-03 19:55:24', NULL);

-- --------------------------------------------------------

--
-- Table structure for table `sessions`
--

CREATE TABLE `sessions` (
  `id` int(10) UNSIGNED NOT NULL,
  `user_id` int(11) NOT NULL,
  `ip_address` varchar(255) COLLATE utf8mb4_unicode_ci NOT NULL,
  `project_id` int(11) NOT NULL,
  `slot` varchar(255) COLLATE utf8mb4_unicode_ci NOT NULL,
  `is_active` tinyint(4) NOT NULL DEFAULT 1,
  `is_deleted` tinyint(4) NOT NULL DEFAULT 0,
  `created_at` timestamp NOT NULL DEFAULT current_timestamp(),
  `updated_at` timestamp NOT NULL DEFAULT current_timestamp() ON UPDATE current_timestamp(),
  `deleted_at` timestamp NULL DEFAULT NULL
) ENGINE=InnoDB DEFAULT CHARSET=utf8mb4 COLLATE=utf8mb4_unicode_ci;

--
-- Dumping data for table `sessions`
--

INSERT INTO `sessions` (`id`, `user_id`, `ip_address`, `project_id`, `slot`, `is_active`, `is_deleted`, `created_at`, `updated_at`, `deleted_at`) VALUES
(1, 1, '127.0.0.1', 29, 'login', 1, 0, '2021-06-10 14:37:28', '2021-06-10 14:37:28', NULL),
(2, 1, '127.0.0.1', 29, 'login', 1, 0, '2021-06-10 14:37:53', '2021-06-10 14:37:53', NULL),
(3, 1, '127.0.0.1', 29, 'login', 1, 0, '2021-06-10 15:23:48', '2021-06-10 15:23:48', NULL),
(4, 1, '127.0.0.1', 29, 'login', 1, 0, '2021-06-10 16:25:17', '2021-06-10 16:25:17', NULL),
(5, 1, '127.0.0.1', 29, 'login', 1, 0, '2021-06-10 17:07:20', '2021-06-10 17:07:20', NULL),
(6, 1, '127.0.0.1', 29, 'login', 1, 0, '2021-06-11 08:39:58', '2021-06-11 08:39:58', NULL),
(7, 1, '127.0.0.1', 29, 'login', 1, 0, '2021-06-11 08:51:56', '2021-06-11 08:51:56', NULL),
(8, 1, '127.0.0.1', 29, 'login', 1, 0, '2021-06-11 08:52:44', '2021-06-11 08:52:44', NULL),
(9, 1, '127.0.0.1', 29, 'login', 1, 0, '2021-06-14 14:55:47', '2021-06-14 14:55:47', NULL),
(10, 1, '127.0.0.1', 30, 'login', 1, 0, '2021-06-14 15:19:06', '2021-06-14 15:19:06', NULL),
(11, 1, '127.0.0.1', 29, 'login', 1, 0, '2021-06-15 10:58:12', '2021-06-15 10:58:12', NULL),
(12, 1, '127.0.0.1', 29, 'login', 1, 0, '2021-06-17 08:17:11', '2021-06-17 08:17:11', NULL),
(13, 1, '127.0.0.1', 29, 'login', 1, 0, '2021-06-18 10:31:10', '2021-06-18 10:31:10', NULL),
(14, 1, '127.0.0.1', 30, 'login', 1, 0, '2021-06-18 10:32:26', '2021-06-18 10:32:26', NULL),
(15, 1, '127.0.0.1', 29, 'login', 1, 0, '2021-06-18 10:38:45', '2021-06-18 10:38:45', NULL),
(16, 1, '127.0.0.1', 30, 'login', 1, 0, '2021-06-18 10:39:04', '2021-06-18 10:39:04', NULL),
(17, 1, '127.0.0.1', 29, 'login', 1, 0, '2021-06-18 11:59:22', '2021-06-18 11:59:22', NULL),
(18, 1, '127.0.0.1', 30, 'login', 1, 0, '2021-06-18 12:49:59', '2021-06-18 12:49:59', NULL),
(19, 1, '127.0.0.1', 29, 'login', 1, 0, '2021-06-18 16:48:29', '2021-06-18 16:48:29', NULL),
(20, 1, '127.0.0.1', 30, 'login', 1, 0, '2021-06-18 16:48:48', '2021-06-18 16:48:48', NULL),
(21, 1, '127.0.0.1', 30, 'login', 1, 0, '2021-06-18 17:53:07', '2021-06-18 17:53:07', NULL),
(22, 1, '127.0.0.1', 29, 'login', 1, 0, '2021-06-18 18:01:28', '2021-06-18 18:01:28', NULL),
(23, 1, '127.0.0.1', 29, 'login', 1, 0, '2021-06-18 18:11:56', '2021-06-18 18:11:56', NULL),
(24, 1, '127.0.0.1', 29, 'login', 1, 0, '2021-06-21 10:55:05', '2021-06-21 10:55:05', NULL),
(25, 1, '127.0.0.1', 29, 'login', 1, 0, '2021-06-21 13:23:47', '2021-06-21 13:23:47', NULL),
(26, 1, '127.0.0.1', 29, 'login', 1, 0, '2021-06-21 16:54:35', '2021-06-21 16:54:35', NULL),
(27, 1, '127.0.0.1', 29, 'login', 1, 0, '2021-06-21 18:51:26', '2021-06-21 18:51:26', NULL),
(28, 1, '127.0.0.1', 30, 'login', 1, 0, '2021-06-21 19:57:41', '2021-06-21 19:57:41', NULL),
(29, 1, '127.0.0.1', 29, 'login', 1, 0, '2021-06-21 19:57:59', '2021-06-21 19:57:59', NULL),
(30, 1, '127.0.0.1', 29, 'login', 1, 0, '2021-06-22 12:14:52', '2021-06-22 12:14:52', NULL),
(31, 1, '127.0.0.1', 29, 'login', 1, 0, '2021-06-22 14:55:12', '2021-06-22 14:55:12', NULL),
(32, 1, '127.0.0.1', 29, 'login', 1, 0, '2021-06-22 17:55:38', '2021-06-22 17:55:38', NULL),
(33, 1, '127.0.0.1', 29, 'login', 1, 0, '2021-06-23 11:48:30', '2021-06-23 11:48:30', NULL),
(34, 1, '127.0.0.1', 29, 'login', 1, 0, '2021-06-23 14:22:08', '2021-06-23 14:22:08', NULL),
(35, 1, '127.0.0.1', 29, 'login', 1, 0, '2021-07-02 13:46:25', '2021-07-02 13:46:25', NULL),
(36, 1, '127.0.0.1', 29, 'login', 1, 0, '2021-07-05 12:21:16', '2021-07-05 12:21:16', NULL),
(37, 1, '127.0.0.1', 29, 'login', 1, 0, '2021-07-05 15:15:14', '2021-07-05 15:15:14', NULL),
(38, 1, '156.241.216.104', 29, 'login', 1, 0, '2021-07-06 05:11:59', '2021-07-06 05:11:59', NULL),
(39, 1, '156.241.216.104', 29, 'login', 1, 0, '2021-07-06 05:12:00', '2021-07-06 05:12:00', NULL),
(40, 1, '156.241.216.104', 29, 'login', 1, 0, '2021-07-06 05:37:52', '2021-07-06 05:37:52', NULL),
(41, 1, '156.241.216.104', 29, 'login', 1, 0, '2021-07-06 18:41:26', '2021-07-06 18:41:26', NULL),
(42, 1, '156.241.216.104', 29, 'login', 1, 0, '2021-07-06 18:43:25', '2021-07-06 18:43:25', NULL),
(43, 1, '156.241.216.104', 29, 'login', 1, 0, '2021-07-07 01:26:59', '2021-07-07 01:26:59', NULL),
(44, 1, '156.241.216.104', 29, 'login', 1, 0, '2021-07-07 17:37:45', '2021-07-07 17:37:45', NULL),
(45, 1, '127.0.0.1', 29, 'login', 1, 0, '2021-07-07 12:04:59', '2021-07-07 12:04:59', NULL),
(46, 1, '127.0.0.1', 29, 'login', 1, 0, '2021-07-07 16:39:18', '2021-07-07 16:39:18', NULL),
(47, 1, '127.0.0.1', 29, 'login', 1, 0, '2021-07-08 08:12:37', '2021-07-08 08:12:37', NULL),
(48, 1, '127.0.0.1', 29, 'login', 1, 0, '2021-07-08 15:39:14', '2021-07-08 15:39:14', NULL),
(49, 1, '127.0.0.1', 29, 'login', 1, 0, '2021-07-08 19:05:40', '2021-07-08 19:05:40', NULL),
(50, 1, '127.0.0.1', 29, 'login', 1, 0, '2021-07-09 11:50:55', '2021-07-09 11:50:55', NULL),
(51, 1, '127.0.0.1', 29, 'login', 1, 0, '2021-07-09 15:11:22', '2021-07-09 15:11:22', NULL),
(52, 1, '127.0.0.1', 29, 'login', 1, 0, '2021-07-12 08:35:31', '2021-07-12 08:35:31', NULL),
(53, 1, '156.241.219.159', 29, 'login', 1, 0, '2021-07-12 19:45:23', '2021-07-12 19:45:23', NULL),
(54, 1, '156.241.219.159', 29, 'login', 1, 0, '2021-07-14 01:01:33', '2021-07-14 01:01:33', NULL),
(55, 1, '156.241.219.159', 29, 'login', 1, 0, '2021-07-14 02:25:55', '2021-07-14 02:25:55', NULL),
(56, 1, '110.37.222.150', 29, 'login', 1, 0, '2021-07-15 17:36:48', '2021-07-15 17:36:48', NULL),
(57, 1, '110.37.222.150', 29, 'login', 1, 0, '2021-07-16 02:51:28', '2021-07-16 02:51:28', NULL),
(58, 1, '156.241.219.200', 29, 'login', 1, 0, '2021-07-16 02:59:20', '2021-07-16 02:59:20', NULL),
(59, 1, '110.37.222.150', 29, 'login', 1, 0, '2021-07-19 17:58:24', '2021-07-19 17:58:24', NULL),
(60, 1, '110.37.222.150', 29, 'login', 1, 0, '2021-07-20 19:00:02', '2021-07-20 19:00:02', NULL),
(61, 1, '110.37.222.150', 29, 'login', 1, 0, '2021-07-20 23:36:52', '2021-07-20 23:36:52', NULL),
(62, 1, '110.37.222.150', 29, 'login', 1, 0, '2021-07-21 00:18:32', '2021-07-21 00:18:32', NULL),
(63, 1, '110.37.222.150', 29, 'login', 1, 0, '2021-07-23 00:12:47', '2021-07-23 00:12:47', NULL),
(64, 1, '110.37.222.150', 29, 'login', 1, 0, '2021-07-23 21:34:27', '2021-07-23 21:34:27', NULL),
(65, 1, '110.37.222.150', 29, 'login', 1, 0, '2021-07-23 22:24:51', '2021-07-23 22:24:51', NULL),
(66, 1, '110.37.222.150', 29, 'login', 1, 0, '2021-07-24 02:56:15', '2021-07-24 02:56:15', NULL),
(67, 1, '156.241.217.1', 29, 'login', 1, 0, '2021-07-27 21:45:35', '2021-07-27 21:45:35', NULL),
(68, 1, '110.37.222.150', 29, 'login', 1, 0, '2021-08-02 22:42:12', '2021-08-02 22:42:12', NULL),
(69, 1, '156.241.216.240', 29, 'login', 1, 0, '2021-08-04 22:36:40', '2021-08-04 22:36:40', NULL),
(70, 1, '110.37.222.150', 29, 'login', 1, 0, '2021-08-12 16:48:24', '2021-08-12 16:48:24', NULL),
(71, 1, '110.37.222.150', 29, 'login', 1, 0, '2021-08-18 16:43:16', '2021-08-18 16:43:16', NULL),
(72, 1, '110.37.222.150', 30, 'login', 1, 0, '2021-08-18 16:45:00', '2021-08-18 16:45:00', NULL),
(73, 1, '110.37.222.150', 29, 'login', 1, 0, '2021-08-21 04:16:36', '2021-08-21 04:16:36', NULL),
(74, 1, '202.47.39.124', 29, 'login', 1, 0, '2021-08-23 21:58:59', '2021-08-23 21:58:59', NULL),
(75, 1, '39.50.188.147', 29, 'login', 1, 0, '2021-09-08 17:30:36', '2021-09-08 17:30:36', NULL),
(76, 1, '39.50.188.147', 30, 'login', 1, 0, '2021-09-08 17:33:01', '2021-09-08 17:33:01', NULL);

-- --------------------------------------------------------

--
-- Table structure for table `team`
--

CREATE TABLE `team` (
  `id` int(11) NOT NULL,
  `section` int(11) NOT NULL,
  `name` varchar(255) NOT NULL,
  `is_active` tinyint(4) NOT NULL DEFAULT 1,
  `is_deleted` tinyint(4) NOT NULL DEFAULT 0,
  `created_at` timestamp NOT NULL DEFAULT current_timestamp(),
  `updated_at` timestamp NOT NULL DEFAULT current_timestamp() ON UPDATE current_timestamp(),
  `deleted_at` timestamp NULL DEFAULT NULL
) ENGINE=InnoDB DEFAULT CHARSET=utf8mb4;

--
-- Dumping data for table `team`
--

INSERT INTO `team` (`id`, `section`, `name`, `is_active`, `is_deleted`, `created_at`, `updated_at`, `deleted_at`) VALUES
(1, 1, 'BB ELITE 18U- BLACK', 1, 0, '2021-12-22 18:23:44', '2021-12-22 18:23:44', NULL),
(2, 1, 'BB ELITE 18U- GOLD', 1, 0, '2021-12-22 18:24:11', '2021-12-22 18:24:11', NULL),
(3, 2, 'BB ELITE 16U', 1, 0, '2021-12-22 18:24:23', '2021-12-22 18:24:23', NULL);

-- --------------------------------------------------------

--
-- Table structure for table `testimonials`
--

CREATE TABLE `testimonials` (
  `id` int(11) NOT NULL,
  `name` varchar(255) COLLATE utf8mb4_unicode_ci DEFAULT NULL,
  `desc` text COLLATE utf8mb4_unicode_ci DEFAULT NULL,
  `star` int(11) DEFAULT NULL,
  `is_active` tinyint(4) NOT NULL DEFAULT 1,
  `is_deleted` tinyint(4) NOT NULL DEFAULT 0,
  `created_at` timestamp NOT NULL DEFAULT current_timestamp(),
  `updated_at` timestamp NOT NULL DEFAULT current_timestamp() ON UPDATE current_timestamp(),
  `deleted_at` timestamp NULL DEFAULT NULL
) ENGINE=InnoDB DEFAULT CHARSET=utf8mb4 COLLATE=utf8mb4_unicode_ci;

--
-- Dumping data for table `testimonials`
--

INSERT INTO `testimonials` (`id`, `name`, `desc`, `star`, `is_active`, `is_deleted`, `created_at`, `updated_at`, `deleted_at`) VALUES
(1, 'Shawn Pitts', '<p>Our competitive youth baseball team has been using the BB Sports Training facilities for the past two years. Shea is great to work with and does everything he can to create a schedule that works for the team. The facilities offer us everything we need to stay tuned during the indoor months. Shea has also worked with both of my sons individually providing incredible hitting instruction. I would highly recommend the facilities and the incredible coaches working at the facilities.</p>\r\n', NULL, 1, 0, '2021-12-06 13:54:59', '2022-01-05 21:12:43', NULL),
(2, 'Brody Knauer', '<p>Very organized and professional experienced management, the facility is well taken care of and offers a ton of awesome gadgets from swing analysis to velocity! Also great coaching and instruction from a well rounded and enthusiastic Coach Bell!</p>\r\n', NULL, 1, 0, '2021-12-06 13:57:24', '2022-01-03 17:12:24', NULL),
(3, 'Jackson Johnson', '<p>This place gets down to business! The staff and coaches that BB Sports has to offer to the community are very well knowledged, committed, and ambitious. This is the program you want to put your baseball/softball child into. BB Sports best in town.</p>\r\n', NULL, 1, 0, '2021-12-20 12:32:27', '2022-01-03 17:12:54', NULL),
(7, 'Matt Carver', '<p>Shea has put a lot of time and effort into making BB Sports a prime facility for baseball/softball training. I&rsquo;ve sent several players there to work with him to improve their game. He does everything he can to make sure you get your money&rsquo;s worth. The facility is well kept and professional!</p>\r\n', NULL, 1, 0, '2022-01-03 17:17:18', '2022-01-03 17:17:18', NULL),
(8, 'David Flanigan', '<p>Great facility with everything to help athletes grow from, bands, hitting cage, top of the line pitching machine for hitting, pitching mound, and plenty of space for your off-season training.</p>\r\n', NULL, 1, 0, '2022-01-03 17:18:18', '2022-01-03 17:18:18', NULL),
(9, 'Mary Withey', '<p>Top notch indoor training facility offering the newest equipment available for softball and baseball practice. If you&rsquo;re looking for a place to practice, this is it! Highly recommended! My daughter has been receiving batting lessons for some time now and she has made huge and noticeable improvements! Shea provides excellent coaching and advice!</p>\r\n', NULL, 1, 0, '2022-01-03 17:19:06', '2022-01-03 17:19:06', NULL),
(10, 'Jake Dollarhide', '<p>This facility is an amazing place with state of the art equipment to improve every part of your game weather it&rsquo;s baseball or softball. Coach Shea and Coach Rogs are not only amazing coaches but great guys as well. They have great baseball backgrounds and knowledge for the game. They truly care about the kids that they are coaching and helping out always having the passion to help kids improve and get better every single day. This is the best facility and with the best coaching staff around!</p>\r\n', NULL, 1, 0, '2022-01-03 17:19:48', '2022-01-03 17:19:48', NULL),
(11, 'testimonial', '<p>Checking testimonial</p>\r\n', NULL, 0, 1, '2022-01-05 16:12:15', '2022-01-05 16:12:23', NULL);

-- --------------------------------------------------------

--
-- Table structure for table `users`
--

CREATE TABLE `users` (
  `id` int(10) UNSIGNED NOT NULL,
  `project_id` int(11) NOT NULL DEFAULT 1,
  `name` varchar(255) COLLATE utf8mb4_unicode_ci NOT NULL,
  `username` varchar(255) COLLATE utf8mb4_unicode_ci DEFAULT NULL,
  `email` varchar(255) COLLATE utf8mb4_unicode_ci NOT NULL,
  `email_verified_at` timestamp NULL DEFAULT NULL,
  `password` varchar(255) COLLATE utf8mb4_unicode_ci NOT NULL,
  `profile_pic` varchar(255) COLLATE utf8mb4_unicode_ci DEFAULT NULL,
  `phonenumber` varchar(255) COLLATE utf8mb4_unicode_ci DEFAULT NULL,
  `residential_address` varchar(255) COLLATE utf8mb4_unicode_ci DEFAULT NULL,
  `blood_group` varchar(255) COLLATE utf8mb4_unicode_ci DEFAULT NULL,
  `dob` varchar(255) COLLATE utf8mb4_unicode_ci DEFAULT NULL,
  `gender` varchar(255) COLLATE utf8mb4_unicode_ci DEFAULT NULL,
  `marital_status` varchar(255) COLLATE utf8mb4_unicode_ci DEFAULT NULL,
  `role_id` int(11) NOT NULL DEFAULT 3,
  `policy` int(11) DEFAULT NULL,
  `is_active` tinyint(4) NOT NULL DEFAULT 1,
  `is_deleted` tinyint(4) NOT NULL DEFAULT 0,
  `created_at` timestamp NULL DEFAULT NULL,
  `updated_at` timestamp NULL DEFAULT NULL,
  `deleted_at` timestamp NULL DEFAULT NULL,
  `remember_token` varchar(100) COLLATE utf8mb4_unicode_ci DEFAULT NULL
) ENGINE=InnoDB DEFAULT CHARSET=utf8mb4 COLLATE=utf8mb4_unicode_ci;

--
-- Dumping data for table `users`
--

INSERT INTO `users` (`id`, `project_id`, `name`, `username`, `email`, `email_verified_at`, `password`, `profile_pic`, `phonenumber`, `residential_address`, `blood_group`, `dob`, `gender`, `marital_status`, `role_id`, `policy`, `is_active`, `is_deleted`, `created_at`, `updated_at`, `deleted_at`, `remember_token`) VALUES
(1, 29, 'Administrator', 'admin', 'admin@project.com', NULL, '$2y$10$tmPeoAmP.ER/7cVW6JvGMOhEtCztu7LiyGde99kwQWO2ot.Ad7tGa', 'uploads/avatar/c16e57dc9da18a22503ae846d7554b7c/EOWnEl6PkQ2Y0c3F0OzP5GSJumRmeaTAt847M3C0.png', '0300-00000000', 'None', 'B-VE', '1992-07-14', 'male', 'single', 1, 1, 1, 0, '2021-05-11 19:44:21', '2021-12-06 17:30:00', NULL, NULL),
(23, 29, 'Umair Khan', 'umairkhan', 'umair.khan@thesoftcube.com', NULL, '$2y$10$KP87Yw9tR/jRVjiK3Kpg6.UTBvg49cC7lKkKIf0dVlvPOvOm0mh8e', 'uploads/avatar/78c705bc73dc16a6195b09d3ec22f703/r0neS1cc2J1Y7DvhsDTwRkDlrpisXtwEnpTzeZsw.png', '0346-2193751', 'A-246 Block 12 FB area Karachi', 'B+VE', '1992-06-14', 'male', 'single', 3, 1, 1, 0, '2021-06-01 16:53:40', '2021-06-01 17:49:39', NULL, NULL),
(70, 1, 'Umair Khan', 'umairkhaana', 'khan0147852@gmail.com', NULL, '$2y$10$N.Xvya4kc33JU9rHLT0XNOZ4uOIcw3riUdwwcMJSjM1cEyfEk9NJ.', NULL, NULL, NULL, NULL, NULL, NULL, NULL, 3, NULL, 1, 0, '2021-12-15 06:44:05', '2021-12-15 06:44:05', NULL, 'VzC0VaEVtRFV2sosb4bmeYBcQj0X1ihOCwznmKQpc1m2RFnYW7VfNpIgTqnG'),
(71, 1, 'creative', 'umairkhaan', 'm.i.c.r.e.a.t.i.v.e.w.o.r.d.s@gmail.com', NULL, '$2y$10$tz9hT2mg/T702ajI2g7OguJqsizclKduI.KzgaBD0R41I4hIbDXIm', NULL, NULL, NULL, NULL, NULL, NULL, NULL, 3, NULL, 1, 0, '2021-12-15 06:47:28', '2021-12-15 06:47:28', NULL, 'tpk11ziR2CpuJ6HA53MYQko8kLaryqAZ86rXTSdY83xpxE35uERMdv8psLxa'),
(72, 1, 'creative', 'asdasda', 'asdas@asda.com', NULL, '$2y$10$0d7es5GurrBRkB9RW37c1urA1ncjVhQNSYmUAJZM0y09dyCK2Umha', NULL, NULL, NULL, NULL, NULL, NULL, NULL, 3, NULL, 1, 0, '2021-12-15 19:52:29', '2021-12-15 19:52:29', NULL, 'ef9kud5E4EmWP07OYmh6Mq1bPfn1JGBsnfIxpOmWfa6ClM0ooO0N0u5DeUTO'),
(73, 1, 'Bilal', 'bilalkhatrii', 'bilal@gmail.com', NULL, '$2y$10$Mi3/JciGDbIs0YXACGWGaemC.HQxq3pNuekiUYUgvhJbgjmnB8cfG', NULL, NULL, NULL, NULL, NULL, NULL, NULL, 3, NULL, 1, 0, '2021-12-16 13:30:28', '2021-12-16 13:30:28', NULL, 'cIw7RbPDr95X7QolyZQ96n1crS6VBEWGolkFyUPj6q3bzKjqemXfytsbjFPi');

--
-- Indexes for dumped tables
--

--
-- Indexes for table `attenda`
--
ALTER TABLE `attenda`
  ADD PRIMARY KEY (`id`);

--
-- Indexes for table `attributes`
--
ALTER TABLE `attributes`
  ADD PRIMARY KEY (`id`);

--
-- Indexes for table `breakdown`
--
ALTER TABLE `breakdown`
  ADD PRIMARY KEY (`id`);

--
-- Indexes for table `category`
--
ALTER TABLE `category`
  ADD PRIMARY KEY (`id`);

--
-- Indexes for table `chat`
--
ALTER TABLE `chat`
  ADD PRIMARY KEY (`id`);

--
-- Indexes for table `cms`
--
ALTER TABLE `cms`
  ADD PRIMARY KEY (`id`);

--
-- Indexes for table `config`
--
ALTER TABLE `config`
  ADD PRIMARY KEY (`id`);

--
-- Indexes for table `contact`
--
ALTER TABLE `contact`
  ADD PRIMARY KEY (`id`);

--
-- Indexes for table `crud`
--
ALTER TABLE `crud`
  ADD PRIMARY KEY (`id`);

--
-- Indexes for table `failed_jobs`
--
ALTER TABLE `failed_jobs`
  ADD PRIMARY KEY (`id`);

--
-- Indexes for table `faqs`
--
ALTER TABLE `faqs`
  ADD PRIMARY KEY (`id`);

--
-- Indexes for table `images`
--
ALTER TABLE `images`
  ADD PRIMARY KEY (`id`);

--
-- Indexes for table `inquiry`
--
ALTER TABLE `inquiry`
  ADD PRIMARY KEY (`id`);

--
-- Indexes for table `instructor`
--
ALTER TABLE `instructor`
  ADD PRIMARY KEY (`id`);

--
-- Indexes for table `leave_application`
--
ALTER TABLE `leave_application`
  ADD PRIMARY KEY (`id`);

--
-- Indexes for table `new_feeds`
--
ALTER TABLE `new_feeds`
  ADD PRIMARY KEY (`id`);

--
-- Indexes for table `notifications`
--
ALTER TABLE `notifications`
  ADD PRIMARY KEY (`id`);

--
-- Indexes for table `orders`
--
ALTER TABLE `orders`
  ADD PRIMARY KEY (`id`);

--
-- Indexes for table `ourwork`
--
ALTER TABLE `ourwork`
  ADD PRIMARY KEY (`id`);

--
-- Indexes for table `packages`
--
ALTER TABLE `packages`
  ADD PRIMARY KEY (`id`);

--
-- Indexes for table `pages`
--
ALTER TABLE `pages`
  ADD PRIMARY KEY (`id`);

--
-- Indexes for table `payslip`
--
ALTER TABLE `payslip`
  ADD PRIMARY KEY (`id`);

--
-- Indexes for table `peaktop`
--
ALTER TABLE `peaktop`
  ADD PRIMARY KEY (`id`);

--
-- Indexes for table `product`
--
ALTER TABLE `product`
  ADD PRIMARY KEY (`id`);

--
-- Indexes for table `product_list`
--
ALTER TABLE `product_list`
  ADD PRIMARY KEY (`id`);

--
-- Indexes for table `product_variation`
--
ALTER TABLE `product_variation`
  ADD PRIMARY KEY (`id`);

--
-- Indexes for table `product_varlist`
--
ALTER TABLE `product_varlist`
  ADD PRIMARY KEY (`id`);

--
-- Indexes for table `role_assign`
--
ALTER TABLE `role_assign`
  ADD PRIMARY KEY (`id`);

--
-- Indexes for table `sessions`
--
ALTER TABLE `sessions`
  ADD PRIMARY KEY (`id`);

--
-- Indexes for table `team`
--
ALTER TABLE `team`
  ADD PRIMARY KEY (`id`);

--
-- Indexes for table `testimonials`
--
ALTER TABLE `testimonials`
  ADD PRIMARY KEY (`id`);

--
-- Indexes for table `users`
--
ALTER TABLE `users`
  ADD PRIMARY KEY (`id`);

--
-- AUTO_INCREMENT for dumped tables
--

--
-- AUTO_INCREMENT for table `attenda`
--
ALTER TABLE `attenda`
  MODIFY `id` int(10) UNSIGNED NOT NULL AUTO_INCREMENT, AUTO_INCREMENT=244;

--
-- AUTO_INCREMENT for table `attributes`
--
ALTER TABLE `attributes`
  MODIFY `id` int(10) UNSIGNED NOT NULL AUTO_INCREMENT, AUTO_INCREMENT=58;

--
-- AUTO_INCREMENT for table `breakdown`
--
ALTER TABLE `breakdown`
  MODIFY `id` int(10) UNSIGNED NOT NULL AUTO_INCREMENT;

--
-- AUTO_INCREMENT for table `category`
--
ALTER TABLE `category`
  MODIFY `id` int(11) NOT NULL AUTO_INCREMENT, AUTO_INCREMENT=8;

--
-- AUTO_INCREMENT for table `chat`
--
ALTER TABLE `chat`
  MODIFY `id` int(11) NOT NULL AUTO_INCREMENT, AUTO_INCREMENT=165;

--
-- AUTO_INCREMENT for table `cms`
--
ALTER TABLE `cms`
  MODIFY `id` int(11) NOT NULL AUTO_INCREMENT, AUTO_INCREMENT=50;

--
-- AUTO_INCREMENT for table `config`
--
ALTER TABLE `config`
  MODIFY `id` int(10) UNSIGNED NOT NULL AUTO_INCREMENT, AUTO_INCREMENT=9;

--
-- AUTO_INCREMENT for table `contact`
--
ALTER TABLE `contact`
  MODIFY `id` int(11) NOT NULL AUTO_INCREMENT, AUTO_INCREMENT=5;

--
-- AUTO_INCREMENT for table `crud`
--
ALTER TABLE `crud`
  MODIFY `id` bigint(20) UNSIGNED NOT NULL AUTO_INCREMENT;

--
-- AUTO_INCREMENT for table `failed_jobs`
--
ALTER TABLE `failed_jobs`
  MODIFY `id` bigint(20) UNSIGNED NOT NULL AUTO_INCREMENT;

--
-- AUTO_INCREMENT for table `faqs`
--
ALTER TABLE `faqs`
  MODIFY `id` int(10) UNSIGNED NOT NULL AUTO_INCREMENT, AUTO_INCREMENT=3;

--
-- AUTO_INCREMENT for table `images`
--
ALTER TABLE `images`
  MODIFY `id` int(11) NOT NULL AUTO_INCREMENT;

--
-- AUTO_INCREMENT for table `inquiry`
--
ALTER TABLE `inquiry`
  MODIFY `id` bigint(20) UNSIGNED NOT NULL AUTO_INCREMENT, AUTO_INCREMENT=3;

--
-- AUTO_INCREMENT for table `instructor`
--
ALTER TABLE `instructor`
  MODIFY `id` int(11) NOT NULL AUTO_INCREMENT, AUTO_INCREMENT=11;

--
-- AUTO_INCREMENT for table `leave_application`
--
ALTER TABLE `leave_application`
  MODIFY `id` int(10) UNSIGNED NOT NULL AUTO_INCREMENT, AUTO_INCREMENT=9;

--
-- AUTO_INCREMENT for table `new_feeds`
--
ALTER TABLE `new_feeds`
  MODIFY `id` int(10) UNSIGNED NOT NULL AUTO_INCREMENT, AUTO_INCREMENT=4;

--
-- AUTO_INCREMENT for table `notifications`
--
ALTER TABLE `notifications`
  MODIFY `id` int(10) UNSIGNED NOT NULL AUTO_INCREMENT;

--
-- AUTO_INCREMENT for table `orders`
--
ALTER TABLE `orders`
  MODIFY `id` int(10) UNSIGNED NOT NULL AUTO_INCREMENT, AUTO_INCREMENT=6;

--
-- AUTO_INCREMENT for table `ourwork`
--
ALTER TABLE `ourwork`
  MODIFY `id` int(11) NOT NULL AUTO_INCREMENT, AUTO_INCREMENT=5;

--
-- AUTO_INCREMENT for table `packages`
--
ALTER TABLE `packages`
  MODIFY `id` int(10) UNSIGNED NOT NULL AUTO_INCREMENT, AUTO_INCREMENT=7;

--
-- AUTO_INCREMENT for table `pages`
--
ALTER TABLE `pages`
  MODIFY `id` int(11) NOT NULL AUTO_INCREMENT, AUTO_INCREMENT=12;

--
-- AUTO_INCREMENT for table `payslip`
--
ALTER TABLE `payslip`
  MODIFY `id` int(10) UNSIGNED NOT NULL AUTO_INCREMENT, AUTO_INCREMENT=9;

--
-- AUTO_INCREMENT for table `peaktop`
--
ALTER TABLE `peaktop`
  MODIFY `id` int(11) NOT NULL AUTO_INCREMENT, AUTO_INCREMENT=11;

--
-- AUTO_INCREMENT for table `product`
--
ALTER TABLE `product`
  MODIFY `id` int(11) NOT NULL AUTO_INCREMENT, AUTO_INCREMENT=68;

--
-- AUTO_INCREMENT for table `product_list`
--
ALTER TABLE `product_list`
  MODIFY `id` int(11) NOT NULL AUTO_INCREMENT, AUTO_INCREMENT=34;

--
-- AUTO_INCREMENT for table `product_variation`
--
ALTER TABLE `product_variation`
  MODIFY `id` int(11) NOT NULL AUTO_INCREMENT, AUTO_INCREMENT=15;

--
-- AUTO_INCREMENT for table `product_varlist`
--
ALTER TABLE `product_varlist`
  MODIFY `id` int(11) NOT NULL AUTO_INCREMENT, AUTO_INCREMENT=72;

--
-- AUTO_INCREMENT for table `role_assign`
--
ALTER TABLE `role_assign`
  MODIFY `id` int(10) UNSIGNED NOT NULL AUTO_INCREMENT, AUTO_INCREMENT=3;

--
-- AUTO_INCREMENT for table `sessions`
--
ALTER TABLE `sessions`
  MODIFY `id` int(10) UNSIGNED NOT NULL AUTO_INCREMENT, AUTO_INCREMENT=77;

--
-- AUTO_INCREMENT for table `team`
--
ALTER TABLE `team`
  MODIFY `id` int(11) NOT NULL AUTO_INCREMENT, AUTO_INCREMENT=6;

--
-- AUTO_INCREMENT for table `testimonials`
--
ALTER TABLE `testimonials`
  MODIFY `id` int(11) NOT NULL AUTO_INCREMENT, AUTO_INCREMENT=12;

--
-- AUTO_INCREMENT for table `users`
--
ALTER TABLE `users`
  MODIFY `id` int(10) UNSIGNED NOT NULL AUTO_INCREMENT, AUTO_INCREMENT=74;
COMMIT;

/*!40101 SET CHARACTER_SET_CLIENT=@OLD_CHARACTER_SET_CLIENT */;
/*!40101 SET CHARACTER_SET_RESULTS=@OLD_CHARACTER_SET_RESULTS */;
/*!40101 SET COLLATION_CONNECTION=@OLD_COLLATION_CONNECTION */;
